-- Local-testing fixture: Interne competitie 2025/2026
-- Parity with the live club site for one season. Generated by
-- dev/fixtures/generate.py — do not edit by hand.
-- Load: wp db query < dev/fixtures/competition_2025_2026.sql
-- Wipes competition data (players/seasons/rounds/games/attendance/
-- season_players/standings_snapshots); preserves members/admins.
-- Standings snapshots are seeded per round, from the scraped history
-- archive (Keizer engine not built yet — this is the live site's data).
SET NAMES utf8mb4;
START TRANSACTION;
DELETE FROM wp_scs_standings_snapshots;
DELETE FROM wp_scs_games;
DELETE FROM wp_scs_attendance;
DELETE FROM wp_scs_season_players;
DELETE FROM wp_scs_rounds;
DELETE FROM wp_scs_seasons;
DELETE FROM wp_scs_players;

INSERT INTO wp_scs_seasons (id,name,location,start_date,end_date,pairing_system,status,categories) VALUES
  (1,'Interne competitie 2025/2026','Het Polderhuis, Velserbroek','2025-09-09','2026-06-16','keizer','active','["A", "B", "C"]');

INSERT INTO wp_scs_players (id,name,knsb_elo,active) VALUES
  (1,'Ad van der Hoeff',1200,1),
  (2,'Ahnaf Uddin',2081,1),
  (3,'Alex Wagenaar',1000,1),
  (4,'Arnold Hoogenboom',1622,1),
  (5,'Berry Kaart',1400,1),
  (6,'Bjorn Kuijpers',1722,1),
  (7,'Daniel Bleeker',1800,1),
  (8,'Dave Looijer',2099,1),
  (9,'Dennis Snel',1541,1),
  (10,'Galed El Gharbawy',1374,1),
  (11,'Gijsbert de Bock',1802,1),
  (12,'Hans Kors',1938,1),
  (13,'Ingmar Visser',2003,1),
  (14,'Jan Burggraaf',1900,1),
  (15,'Jan Geus',1758,1),
  (16,'Jeroen Mirck',1216,1),
  (17,'Johan Hoogenboom',1525,1),
  (18,'Joris Jansen',1500,1),
  (19,'Kees Sintenie',1191,1),
  (20,'Leo Kruisselbrink',1650,1),
  (21,'Leon Swaak',1700,1),
  (22,'Loes Heistek',1332,1),
  (23,'Maaike Kragt',1176,1),
  (24,'Marc de Boer',1545,1),
  (25,'Margot Ensink',1000,1),
  (26,'Mark Wellink',1432,1),
  (27,'Marten Buschman',1759,1),
  (28,'Martijn de Roode',2049,1),
  (29,'Maryam Boussallam',1000,1),
  (30,'Matthias van der Ende',1702,1),
  (31,'Menno Schaefer',1925,1),
  (32,'Michael van der Meer',1400,1),
  (33,'Michel van Roijen',1681,1),
  (34,'Mick Mulder',1936,1),
  (35,'Mike van Huet',1945,1),
  (36,'Miriam Madou',1000,1),
  (37,'Mohammed Reza Heydari',1491,1),
  (38,'Monique van ''t Schip',1000,1),
  (39,'Niels van Gulik',1300,1),
  (40,'Outger Baron',1598,1),
  (41,'Paulo Moreno',1816,1),
  (42,'Pepijn Engbers',1300,1),
  (43,'Peter Hamersma',1800,1),
  (44,'Peter de Roode',2121,1),
  (45,'Remo Kaasenbrood',1655,1),
  (46,'René Dollé',1200,1),
  (47,'Rob Buschman',1703,1),
  (48,'Rob de Roode',1937,1),
  (49,'Rolf Kooijman',1638,1),
  (50,'Ronald Hoekstra',1749,1),
  (51,'Roos Hoekstra',1000,1),
  (52,'Sander Goos',1500,1),
  (53,'Sander van Leuven',1000,1),
  (54,'Sivar Buining',1900,1),
  (55,'Steven de Froe',1610,1),
  (56,'Tim Fricke',1000,1),
  (57,'Wim Gravemaker',1888,1),
  (58,'Wim Laurens Gravemaker',2130,1),
  (59,'Özden Tuna',1782,1);

INSERT INTO wp_scs_season_players (id,season_id,player_id,category,elo_rating) VALUES
  (1,1,1,'C',1200),
  (2,1,2,'A',2081),
  (3,1,3,'C',1000),
  (4,1,4,'B',1622),
  (5,1,5,'C',1400),
  (6,1,6,'B',1722),
  (7,1,7,'A',1800),
  (8,1,8,'A',2099),
  (9,1,9,'C',1541),
  (10,1,10,'C',1374),
  (11,1,11,'A',1802),
  (12,1,12,'A',1938),
  (13,1,13,'A',2003),
  (14,1,14,'A',1900),
  (15,1,15,'B',1758),
  (16,1,16,'C',1216),
  (17,1,17,'C',1525),
  (18,1,18,'C',1500),
  (19,1,19,'C',1191),
  (20,1,20,'B',1650),
  (21,1,21,'B',1700),
  (22,1,22,'C',1332),
  (23,1,23,'C',1176),
  (24,1,24,'C',1545),
  (25,1,25,'C',1000),
  (26,1,26,'C',1432),
  (27,1,27,'B',1759),
  (28,1,28,'A',2049),
  (29,1,29,'C',1000),
  (30,1,30,'B',1702),
  (31,1,31,'A',1925),
  (32,1,32,'C',1400),
  (33,1,33,'B',1681),
  (34,1,34,'A',1936),
  (35,1,35,'A',1945),
  (36,1,36,'C',1000),
  (37,1,37,'C',1491),
  (38,1,38,'C',1000),
  (39,1,39,'C',1300),
  (40,1,40,'C',1598),
  (41,1,41,'A',1816),
  (42,1,42,'C',1300),
  (43,1,43,'A',1800),
  (44,1,44,'A',2121),
  (45,1,45,'B',1655),
  (46,1,46,'C',1200),
  (47,1,47,'B',1703),
  (48,1,48,'A',1937),
  (49,1,49,'B',1638),
  (50,1,50,'B',1749),
  (51,1,51,'C',1000),
  (52,1,52,'C',1500),
  (53,1,53,'C',1000),
  (54,1,54,'A',1900),
  (55,1,55,'B',1610),
  (56,1,56,'C',1000),
  (57,1,57,'A',1888),
  (58,1,58,'A',2130),
  (59,1,59,'B',1782);

INSERT INTO wp_scs_rounds (id,season_id,round_number,date,status) VALUES
  (1,1,1,'2025-09-09','complete'),
  (2,1,2,'2025-09-16','complete'),
  (3,1,3,'2025-09-30','complete'),
  (4,1,4,'2025-10-07','complete'),
  (5,1,5,'2025-10-14','complete'),
  (6,1,6,'2025-10-21','complete'),
  (7,1,7,'2025-10-28','complete'),
  (8,1,8,'2025-11-04','complete'),
  (9,1,9,'2025-11-11','complete'),
  (10,1,10,'2025-11-18','complete'),
  (11,1,11,'2025-11-25','complete'),
  (12,1,12,'2025-12-02','complete'),
  (13,1,13,'2025-12-09','complete'),
  (14,1,14,'2025-12-16','complete'),
  (15,1,15,'2026-01-06','complete'),
  (16,1,16,'2026-01-13','complete'),
  (17,1,17,'2026-01-18','complete'),
  (18,1,18,'2026-01-27','complete'),
  (19,1,19,'2026-02-03','complete'),
  (20,1,20,'2026-02-10','complete'),
  (21,1,21,'2026-02-17','complete'),
  (22,1,22,'2026-02-24','complete'),
  (23,1,23,'2026-03-03','complete'),
  (24,1,24,'2026-03-10','complete'),
  (25,1,25,'2026-03-17','complete'),
  (26,1,26,'2026-03-31','complete'),
  (27,1,27,'2026-04-07','complete'),
  (28,1,28,'2026-04-14','complete'),
  (29,1,29,'2026-04-21','complete'),
  (30,1,30,'2026-04-28','complete'),
  (31,1,31,'2026-05-05','complete'),
  (32,1,32,'2026-05-12','complete'),
  (33,1,33,'2026-05-19','complete'),
  (34,1,34,'2026-05-26','complete'),
  (35,1,35,'2026-06-02','complete'),
  (36,1,36,'2026-06-09','complete'),
  (37,1,37,'2026-06-16','complete');

INSERT INTO wp_scs_games (round_id,board,white_season_player_id,black_season_player_id,result) VALUES
  (1,1,44,2,'draw'),
  (1,2,35,8,'black'),
  (1,3,31,34,'white'),
  (1,4,41,57,'black'),
  (1,5,27,11,'black'),
  (1,6,43,7,'draw'),
  (1,7,47,50,'white'),
  (1,8,21,30,'black'),
  (1,9,20,33,'black'),
  (1,10,49,45,'white'),
  (1,11,55,4,'black'),
  (1,12,18,40,'black'),
  (1,13,17,9,'black'),
  (1,14,37,52,'black'),
  (1,15,10,26,'black'),
  (1,16,19,22,'black'),
  (1,17,23,42,'black'),
  (2,1,8,31,'black'),
  (2,2,34,57,'white'),
  (2,3,11,41,'draw'),
  (2,4,33,47,'draw'),
  (2,5,50,30,'draw'),
  (2,6,4,20,'draw'),
  (2,7,6,15,'black'),
  (2,8,7,27,'draw'),
  (2,9,9,55,'white'),
  (2,10,48,35,'white'),
  (2,11,26,37,'black'),
  (2,12,42,22,'white'),
  (2,13,45,21,'white'),
  (2,14,16,10,'white'),
  (2,15,17,18,'white'),
  (2,16,23,19,'black'),
  (3,1,4,37,'white'),
  (3,2,15,43,'black'),
  (3,3,19,10,'white'),
  (3,4,20,45,'draw'),
  (3,5,21,50,'black'),
  (3,6,26,42,'white'),
  (3,7,31,35,'white'),
  (3,8,34,11,'white'),
  (3,9,40,49,'draw'),
  (3,10,41,7,'black'),
  (3,11,47,6,'white'),
  (3,12,51,23,'black'),
  (3,13,55,17,'white'),
  (3,14,18,1,'white'),
  (3,15,8,2,'white'),
  (4,1,44,35,'white'),
  (4,2,13,57,'white'),
  (4,3,8,34,'white'),
  (4,4,2,12,'white'),
  (4,5,31,28,'black'),
  (4,6,41,4,'white'),
  (4,7,43,59,'draw'),
  (4,8,7,15,'white'),
  (4,9,30,49,'white'),
  (4,10,6,40,'white'),
  (4,11,42,19,'white'),
  (4,12,22,1,'draw'),
  (4,13,18,55,'white'),
  (4,14,37,17,'white'),
  (4,15,10,23,'white'),
  (5,1,11,47,'draw'),
  (5,2,57,7,'white'),
  (5,3,43,41,'draw'),
  (5,4,45,9,'white'),
  (5,5,59,27,'white'),
  (5,6,4,6,'black'),
  (5,7,49,20,'black'),
  (5,8,55,26,'white'),
  (5,9,37,18,'black'),
  (5,10,15,21,'draw'),
  (5,11,22,23,'white'),
  (5,12,1,19,'white'),
  (5,13,17,10,'black'),
  (6,1,27,47,'draw'),
  (6,2,42,18,'white'),
  (6,3,30,33,'draw'),
  (6,4,35,43,'white'),
  (6,5,6,20,'black'),
  (6,6,40,9,'white'),
  (6,7,21,4,'black'),
  (6,8,57,2,'black'),
  (6,9,15,41,'black'),
  (6,10,49,37,'white'),
  (6,11,19,55,'black'),
  (7,1,47,41,'draw'),
  (7,2,48,31,'black'),
  (7,3,9,42,'white'),
  (7,4,20,27,'black'),
  (7,5,50,45,'draw'),
  (7,6,26,40,'black'),
  (7,7,4,15,'black'),
  (7,8,57,43,'black'),
  (7,9,18,49,'black'),
  (7,10,10,22,'draw'),
  (7,11,55,1,'white'),
  (7,12,23,16,'black'),
  (7,13,19,17,'black'),
  (8,1,7,31,'black'),
  (8,2,47,8,'black'),
  (8,3,59,30,'draw'),
  (8,4,33,15,'draw'),
  (8,5,16,42,'black'),
  (8,6,9,20,'black'),
  (8,7,43,50,'white'),
  (8,8,55,6,'draw'),
  (8,9,22,17,'black'),
  (8,10,10,18,'black'),
  (8,11,35,57,'white'),
  (8,12,1,23,'black'),
  (8,13,37,19,'white'),
  (9,1,20,47,'draw'),
  (9,2,11,43,'draw'),
  (9,3,33,59,'draw'),
  (9,4,42,40,'black'),
  (9,5,45,55,'draw'),
  (9,6,50,7,'black'),
  (9,7,41,6,'white'),
  (9,8,9,4,'black'),
  (9,9,27,35,'black'),
  (9,10,15,57,'black'),
  (9,11,22,37,'black'),
  (9,12,19,26,'white'),
  (9,13,17,21,'black'),
  (9,14,1,10,'black'),
  (10,1,43,8,'black'),
  (10,2,47,59,'draw'),
  (10,3,41,45,'white'),
  (10,4,37,42,'white'),
  (10,5,4,11,'draw'),
  (10,6,27,55,'white'),
  (10,7,19,18,'white'),
  (10,8,10,9,'black'),
  (10,9,57,50,'white'),
  (10,10,17,15,'black'),
  (10,11,26,1,'white'),
  (10,12,23,39,'black'),
  (11,1,30,20,'white'),
  (11,2,40,45,'black'),
  (11,3,49,33,'draw'),
  (11,4,59,41,'draw'),
  (11,5,7,47,'draw'),
  (11,6,4,19,'white'),
  (11,7,35,11,'draw'),
  (11,8,37,10,'white'),
  (11,9,57,27,'white'),
  (11,10,15,50,'black'),
  (11,11,39,18,'black'),
  (11,12,6,21,'black'),
  (11,13,42,17,'black'),
  (12,1,31,41,'white'),
  (12,2,47,48,'black'),
  (12,3,45,42,'white'),
  (12,4,11,59,'draw'),
  (12,5,20,43,'black'),
  (12,6,15,35,'black'),
  (12,7,9,49,'white'),
  (12,8,50,27,'draw'),
  (12,9,17,23,'white'),
  (12,10,22,19,'white'),
  (12,11,1,39,'black'),
  (13,1,43,31,'black'),
  (13,2,45,33,'black'),
  (13,3,59,4,'draw'),
  (13,4,41,48,'draw'),
  (13,5,35,50,'white'),
  (13,6,39,37,'black'),
  (13,7,40,20,'black'),
  (13,8,11,57,'white'),
  (13,9,55,9,'white'),
  (13,10,18,22,'white'),
  (13,11,27,15,'draw'),
  (13,12,42,1,'draw'),
  (13,13,19,16,'draw'),
  (13,14,26,10,'white'),
  (14,1,33,4,'draw'),
  (14,2,7,35,'white'),
  (14,3,40,37,'black'),
  (14,4,57,41,'black'),
  (14,5,43,15,'black'),
  (14,6,49,42,'white'),
  (14,7,18,16,'white'),
  (14,8,21,9,'white'),
  (14,9,6,17,'white'),
  (14,10,10,39,'black'),
  (14,11,19,23,'white'),
  (15,1,30,45,'white'),
  (15,2,15,11,'black'),
  (15,3,47,27,'white'),
  (15,4,50,54,'white'),
  (15,5,20,17,'white'),
  (15,6,16,1,'white'),
  (15,7,19,42,'black'),
  (16,1,30,59,'draw'),
  (16,2,45,37,'white'),
  (16,3,27,4,'white'),
  (16,4,41,50,'white'),
  (16,5,57,47,'white'),
  (16,6,15,20,'black'),
  (16,7,18,17,'white'),
  (16,8,22,40,'white'),
  (16,9,23,26,'black'),
  (16,10,29,3,'white'),
  (16,11,25,38,'white'),
  (16,12,36,53,'black'),
  (17,1,31,11,'white'),
  (17,2,7,30,'draw'),
  (17,3,37,20,'black'),
  (17,4,4,45,'draw'),
  (17,5,9,18,'white'),
  (17,6,33,55,'draw'),
  (17,7,17,49,'black'),
  (17,8,22,42,'white'),
  (17,9,27,43,'white'),
  (17,10,54,47,'white'),
  (17,11,50,21,'white'),
  (17,12,15,6,'black'),
  (17,13,53,25,'white'),
  (17,14,38,5,'black'),
  (18,1,31,8,'draw'),
  (18,2,41,30,'white'),
  (18,3,33,7,'white'),
  (18,4,11,6,'black'),
  (18,5,45,59,'draw'),
  (18,6,4,55,'white'),
  (18,7,54,57,'white'),
  (18,8,9,37,'black'),
  (18,9,40,15,'draw'),
  (18,10,42,24,'black'),
  (18,11,10,17,'black'),
  (18,12,5,23,'white'),
  (18,13,1,25,'white'),
  (19,1,41,43,'draw'),
  (19,2,20,4,'draw'),
  (19,3,47,45,'draw'),
  (19,4,18,37,'black'),
  (19,5,55,49,'draw'),
  (19,6,24,46,'white'),
  (19,7,42,10,'draw'),
  (19,8,1,5,'black'),
  (19,9,23,25,'white'),
  (19,10,38,36,'white'),
  (20,1,58,31,'white'),
  (20,2,35,41,'white'),
  (20,3,11,33,'draw'),
  (20,4,49,45,'black'),
  (20,5,40,27,'draw'),
  (20,6,43,57,'white'),
  (20,7,24,15,'draw'),
  (20,8,5,42,'white'),
  (20,9,17,1,'white'),
  (20,10,25,32,'black'),
  (20,11,23,38,'white'),
  (21,1,12,31,'white'),
  (21,2,30,4,'white'),
  (21,3,33,41,'draw'),
  (21,4,20,6,'black'),
  (21,5,37,55,'black'),
  (21,6,35,54,'white'),
  (21,7,48,43,'black'),
  (21,8,18,24,'black'),
  (21,9,57,15,'white'),
  (21,10,17,53,'white'),
  (21,11,32,1,'white'),
  (21,12,25,46,'black'),
  (22,1,47,30,'black'),
  (22,2,50,33,'draw'),
  (22,3,45,20,'black'),
  (22,4,15,4,'white'),
  (22,5,37,24,'black'),
  (22,6,54,27,'black'),
  (22,7,5,18,'white'),
  (22,8,17,40,'black'),
  (22,9,42,23,'white'),
  (22,10,10,32,'black'),
  (22,11,1,38,'white'),
  (22,12,36,25,'white'),
  (23,1,27,41,'black'),
  (23,2,43,35,'white'),
  (23,3,47,20,'black'),
  (23,4,45,50,'white'),
  (23,5,37,5,'black'),
  (23,6,55,15,'black'),
  (23,7,18,42,'white'),
  (23,8,4,24,'white'),
  (23,9,46,17,'black'),
  (23,10,53,32,'black'),
  (23,11,25,36,'black'),
  (24,1,30,55,'white'),
  (24,2,33,45,'draw'),
  (24,3,20,21,'white'),
  (24,4,43,11,'draw'),
  (24,5,59,57,'draw'),
  (24,6,37,49,'white'),
  (24,7,6,27,'white'),
  (24,8,15,47,'black'),
  (24,9,40,18,'white'),
  (24,10,32,42,'white'),
  (24,11,38,25,'black'),
  (25,1,35,30,'white'),
  (25,2,41,20,'draw'),
  (25,3,45,11,'draw'),
  (25,4,6,43,'white'),
  (25,5,21,37,'white'),
  (25,6,24,47,'black'),
  (25,7,49,15,'black'),
  (25,8,55,18,'white'),
  (25,9,8,58,'draw'),
  (25,10,32,17,'black'),
  (25,11,46,1,'black'),
  (26,1,41,31,'black'),
  (26,2,20,30,'black'),
  (26,3,11,35,'white'),
  (26,4,27,33,'white'),
  (26,5,15,45,'white'),
  (26,6,47,43,'draw'),
  (26,7,17,5,'white'),
  (26,8,50,49,'white'),
  (26,9,57,48,'white'),
  (26,10,24,21,'black'),
  (26,11,46,16,'black'),
  (26,12,1,42,'white'),
  (27,1,41,11,'draw'),
  (27,2,20,15,'black'),
  (27,3,45,43,'black'),
  (27,4,37,4,'black'),
  (27,5,49,47,'draw'),
  (27,6,17,55,'black'),
  (27,7,50,57,'draw'),
  (27,8,5,24,'black'),
  (27,9,32,40,'draw'),
  (27,10,1,18,'black'),
  (27,11,42,26,'white'),
  (28,1,30,11,'draw'),
  (28,2,57,35,'black'),
  (28,3,33,20,'white'),
  (28,4,43,27,'black'),
  (28,5,6,48,'draw'),
  (28,6,4,47,'white'),
  (28,7,21,45,'black'),
  (28,8,50,15,'white'),
  (28,9,55,24,'white'),
  (28,10,5,10,'black'),
  (28,11,26,32,'black'),
  (28,12,42,16,'black'),
  (28,13,23,1,'white'),
  (28,14,56,46,'white'),
  (29,1,31,30,'white'),
  (29,2,35,6,'white'),
  (29,3,4,41,'black'),
  (29,4,11,15,'white'),
  (29,5,43,20,'white'),
  (29,6,27,57,'black'),
  (29,7,9,50,'black'),
  (29,8,26,40,'black'),
  (29,9,18,32,'white'),
  (29,10,42,5,'black'),
  (29,11,16,22,'black'),
  (30,1,35,31,'white'),
  (30,2,30,41,'draw'),
  (30,3,48,11,'black'),
  (30,4,15,43,'black'),
  (30,5,6,4,'white'),
  (30,6,20,37,'white'),
  (30,7,21,47,'draw'),
  (30,8,49,18,'black'),
  (30,9,40,5,'black'),
  (30,10,16,17,'black'),
  (30,11,24,42,'white'),
  (30,12,23,10,'white'),
  (31,1,41,35,'white'),
  (31,2,15,30,'draw'),
  (31,3,11,43,'draw'),
  (31,4,47,33,'draw'),
  (31,5,4,20,'black'),
  (31,6,18,45,'white'),
  (31,7,27,14,'black'),
  (31,8,5,17,'white'),
  (31,9,42,32,'white'),
  (32,1,11,31,'black'),
  (32,2,59,35,'black'),
  (32,3,30,27,'black'),
  (32,4,43,14,'black'),
  (32,5,20,55,'black'),
  (32,6,45,4,'black'),
  (32,7,37,18,'white'),
  (32,8,21,15,'black'),
  (32,9,24,40,'white'),
  (32,10,17,42,'white'),
  (33,1,41,27,'draw'),
  (33,2,33,30,'draw'),
  (33,3,11,50,'white'),
  (33,4,45,40,'white'),
  (33,5,15,55,'draw'),
  (33,6,20,18,'white'),
  (33,7,32,5,'black'),
  (33,8,17,37,'black'),
  (33,9,26,23,'white'),
  (33,10,10,42,'white'),
  (34,1,30,35,'white'),
  (34,2,43,41,'black'),
  (34,3,47,11,'draw'),
  (34,4,15,33,'white'),
  (34,5,50,4,'white'),
  (34,6,55,45,'black'),
  (34,7,18,5,'white'),
  (34,8,32,37,'black'),
  (34,9,24,17,'white'),
  (34,10,14,48,'white'),
  (34,11,16,26,'black'),
  (35,1,31,6,'white'),
  (35,2,35,14,'white'),
  (35,3,41,33,'draw'),
  (35,4,30,43,'draw'),
  (35,5,20,50,'draw'),
  (35,6,5,45,'black'),
  (35,7,4,17,'white'),
  (35,8,47,15,'draw'),
  (35,9,18,37,'white'),
  (35,10,32,24,'white'),
  (35,11,10,26,'black'),
  (35,12,42,23,'white'),
  (36,1,35,33,'white'),
  (36,2,20,41,'draw'),
  (36,3,4,43,'draw'),
  (36,4,45,6,'draw'),
  (36,5,14,47,'white'),
  (36,6,15,18,'white'),
  (36,7,48,50,'white'),
  (36,8,24,37,'white'),
  (36,9,49,40,'draw'),
  (36,10,17,16,'white'),
  (37,1,14,31,'draw'),
  (37,2,4,35,'black'),
  (37,3,41,15,'white'),
  (37,4,6,30,'black'),
  (37,5,11,20,'white'),
  (37,6,33,50,'draw'),
  (37,7,45,27,'black'),
  (37,8,17,18,'black'),
  (37,9,37,49,'white'),
  (37,10,16,46,'white');

INSERT INTO wp_scs_attendance (round_id,season_player_id,status,bye_type) VALUES
  (1,15,'present','paring_bye'),
  (5,50,'present','paring_bye'),
  (8,45,'present','paring_bye'),
  (8,49,'present','paring_bye'),
  (9,16,'present','paring_bye'),
  (13,17,'present','paring_bye'),
  (14,31,'present','paring_bye'),
  (17,41,'present','paring_bye'),
  (18,53,'present','paring_bye'),
  (19,17,'present','paring_bye'),
  (21,42,'present','paring_bye'),
  (22,41,'present','paring_bye'),
  (24,36,'present','paring_bye'),
  (24,24,'present','paring_bye'),
  (25,25,'present','paring_bye'),
  (27,27,'present','paring_bye'),
  (30,46,'present','paring_bye'),
  (34,40,'present','paring_bye'),
  (37,5,'present','paring_bye');

INSERT INTO wp_scs_standings_snapshots (season_id,round_id,season_player_id,rank_position,keizer_score,classical_points,wins,draws,losses,games,byes,color_balance,tpr) VALUES
  (1,1,8,1,387,1.0,1,0,0,1,0,-1,2328),
  (1,1,31,2,369,1.0,1,0,0,1,0,1,2326),
  (1,1,57,3,354,1.0,1,0,0,1,0,-1,2198),
  (1,1,11,4,341,1.0,1,0,0,1,0,-1,2143),
  (1,1,47,5,325,1.0,1,0,0,1,0,1,2143),
  (1,1,30,6,316,1.0,1,0,0,1,0,-1,2089),
  (1,1,33,7,307,1.0,1,0,0,1,0,-1,2036),
  (1,1,49,8,302,1.0,1,0,0,1,0,1,2046),
  (1,1,44,9,296,0.5,0,1,0,1,0,1,2076),
  (1,1,2,10,294,0.5,0,1,0,1,0,-1,2126),
  (1,1,4,11,293,1.0,1,0,0,1,0,-1,1998),
  (1,1,40,12,282,1.0,1,0,0,1,0,-1,1881),
  (1,1,9,13,280,1.0,1,0,0,1,0,-1,1912),
  (1,1,15,14,276,0.0,0,0,0,1,1,0,NULL),
  (1,1,52,15,270,1.0,1,0,0,1,0,-1,1879),
  (1,1,26,16,261,1.0,1,0,0,1,0,-1,1757),
  (1,1,43,17,257,0.5,0,1,0,1,0,1,1800),
  (1,1,7,18,257,0.5,0,1,0,1,0,-1,1800),
  (1,1,22,19,243,1.0,1,0,0,1,0,-1,1573),
  (1,1,42,20,238,1.0,1,0,0,1,0,-1,1557),
  (1,1,35,21,190,0.0,0,0,1,1,0,1,1716),
  (1,1,34,22,185,0.0,0,0,1,1,0,-1,1535),
  (1,1,41,23,175,0.0,0,0,1,1,0,1,1506),
  (1,1,27,24,167,0.0,0,0,1,1,0,1,1418),
  (1,1,50,25,164,0.0,0,0,1,1,0,-1,1309),
  (1,1,21,26,157,0.0,0,0,1,1,0,1,1313),
  (1,1,45,27,152,0.0,0,0,1,1,0,-1,1247),
  (1,1,20,28,151,0.0,0,0,1,1,0,1,1295),
  (1,1,55,29,146,0.0,0,0,1,1,0,1,1234),
  (1,1,17,30,139,0.0,0,0,1,1,0,1,1154),
  (1,1,18,31,138,0.0,0,0,1,1,0,1,1217),
  (1,1,37,32,134,0.0,0,0,1,1,0,1,1112),
  (1,1,10,33,128,0.0,0,0,1,1,0,1,1049),
  (1,1,19,34,116,0.0,0,0,1,1,0,1,950),
  (1,1,23,35,113,0.0,0,0,1,1,0,1,919),
  (1,2,31,1,520,2.0,2,0,0,2,0,0,2419),
  (1,2,15,2,404,1.0,1,0,0,2,1,-1,2107),
  (1,2,42,3,393,2.0,2,0,0,2,0,0,1640),
  (1,2,9,4,383,2.0,2,0,0,2,0,0,1958),
  (1,2,47,5,381,1.5,1,1,0,2,0,0,1914),
  (1,2,33,6,373,1.5,1,1,0,2,0,0,1875),
  (1,2,11,7,364,1.5,1,1,0,2,0,0,1977),
  (1,2,30,8,350,1.5,1,1,0,2,0,-2,1910),
  (1,2,49,9,339,1.0,1,0,0,1,0,1,2057),
  (1,2,4,10,335,1.5,1,1,0,2,0,0,1815),
  (1,2,8,11,328,1.0,1,0,1,2,0,0,1926),
  (1,2,48,12,328,1.0,1,0,0,1,0,1,2329),
  (1,2,40,13,324,1.0,1,0,0,1,0,-1,1873),
  (1,2,52,14,318,1.0,1,0,0,1,0,-1,1887),
  (1,2,34,15,314,1.0,1,0,1,2,0,0,1914),
  (1,2,57,16,311,1.0,1,0,1,2,0,-2,1870),
  (1,2,44,17,305,0.5,0,1,0,1,0,1,2076),
  (1,2,2,18,305,0.5,0,1,0,1,0,-1,2126),
  (1,2,7,19,289,1.0,0,2,0,2,0,0,1773),
  (1,2,43,20,280,0.5,0,1,0,1,0,1,1799),
  (1,2,16,21,262,1.0,1,0,0,1,0,1,1768),
  (1,2,37,22,262,1.0,1,0,1,2,0,0,1467),
  (1,2,26,23,259,1.0,1,0,1,2,0,0,1421),
  (1,2,22,24,249,1.0,1,0,1,2,0,-2,1247),
  (1,2,45,25,231,1.0,1,0,1,2,0,0,1666),
  (1,2,17,26,219,1.0,1,0,1,2,0,2,1522),
  (1,2,41,27,214,0.5,0,1,1,2,0,0,1654),
  (1,2,50,28,206,0.5,0,1,1,2,0,0,1508),
  (1,2,19,29,201,1.0,1,0,1,2,0,0,1249),
  (1,2,20,30,197,0.5,0,1,1,2,0,0,1463),
  (1,2,27,31,196,0.5,0,1,1,2,0,0,1612),
  (1,2,6,32,184,0.0,0,0,1,1,0,1,1373),
  (1,2,35,33,128,0.0,0,0,2,2,0,0,1626),
  (1,2,21,34,116,0.0,0,0,2,2,0,0,1284),
  (1,2,55,35,112,0.0,0,0,2,2,0,0,1196),
  (1,2,18,36,109,0.0,0,0,2,2,0,0,1174),
  (1,2,10,37,105,0.0,0,0,2,2,0,0,929),
  (1,2,23,38,100,0.0,0,0,2,2,0,2,863),
  (1,3,31,1,612,3.0,3,0,0,3,0,1,2389),
  (1,3,47,2,495,2.5,2,1,0,3,0,1,1979),
  (1,3,34,3,464,2.0,2,0,1,3,0,1,2010),
  (1,3,4,4,459,2.5,2,1,0,3,0,1,1836),
  (1,3,9,5,454,2.0,2,0,0,2,0,0,1958),
  (1,3,43,6,435,1.5,1,1,0,2,0,0,1980),
  (1,3,33,7,427,1.5,1,1,0,2,0,0,1880),
  (1,3,49,8,417,1.5,1,1,0,2,0,0,1828),
  (1,3,8,9,410,2.0,2,0,1,3,0,1,2108),
  (1,3,26,10,409,2.0,2,0,1,3,0,1,1506),
  (1,3,15,11,407,1.0,1,0,1,3,1,0,1756),
  (1,3,42,12,405,2.0,2,0,1,3,0,-1,1445),
  (1,3,7,13,405,2.0,1,2,0,3,0,-1,1917),
  (1,3,52,14,392,1.0,1,0,0,1,0,-1,1881),
  (1,3,40,15,385,1.5,1,1,0,2,0,0,1764),
  (1,3,30,16,379,1.5,1,1,0,2,0,-2,1910),
  (1,3,48,17,364,1.0,1,0,0,1,0,1,2319),
  (1,3,11,18,349,1.5,1,1,1,3,0,-1,1832),
  (1,3,16,19,332,1.0,1,0,0,1,0,1,1755),
  (1,3,57,20,327,1.0,1,0,1,2,0,-2,1868),
  (1,3,19,21,325,2.0,2,0,1,3,0,1,1419),
  (1,3,44,22,323,0.5,0,1,0,1,0,1,2067),
  (1,3,50,23,309,1.5,1,1,1,3,0,-1,1696),
  (1,3,22,24,305,1.0,1,0,1,2,0,-2,1250),
  (1,3,45,25,296,1.5,1,1,1,3,0,-1,1654),
  (1,3,37,26,276,1.0,1,0,2,3,0,-1,1397),
  (1,3,2,27,273,0.5,0,1,1,2,0,-2,1915),
  (1,3,20,28,267,1.0,0,2,1,3,0,1,1530),
  (1,3,27,29,236,0.5,0,1,1,2,0,0,1614),
  (1,3,55,30,231,1.0,1,0,2,3,0,1,1434),
  (1,3,17,31,230,1.0,1,0,2,3,0,1,1419),
  (1,3,18,32,225,1.0,1,0,2,3,0,1,1318),
  (1,3,23,33,221,1.0,1,0,2,3,0,1,1040),
  (1,3,41,34,209,0.5,0,1,2,3,0,1,1571),
  (1,3,1,35,204,0.0,0,0,1,1,0,-1,1071),
  (1,3,51,36,202,0.0,0,0,1,1,0,1,778),
  (1,3,6,37,160,0.0,0,0,2,2,0,0,1345),
  (1,3,35,38,107,0.0,0,0,3,3,0,-1,1607),
  (1,3,21,39,104,0.0,0,0,3,3,0,1,1308),
  (1,3,10,40,101,0.0,0,0,3,3,0,-1,886),
  (1,4,31,1,633,3.0,3,0,1,4,0,2,2207),
  (1,4,47,2,629,2.5,2,1,0,3,0,1,1981),
  (1,4,7,3,586,3.0,2,2,0,4,0,0,1973),
  (1,4,42,4,567,3.0,3,0,1,4,0,0,1479),
  (1,4,8,5,566,3.0,3,0,1,4,0,2,2161),
  (1,4,30,6,538,2.5,2,1,0,3,0,-1,1949),
  (1,4,9,7,532,2.0,2,0,0,2,0,0,1946),
  (1,4,43,8,526,2.0,1,2,0,3,0,1,1913),
  (1,4,4,9,496,2.5,2,1,1,4,0,0,1730),
  (1,4,33,10,494,1.5,1,1,0,2,0,0,1880),
  (1,4,26,11,473,2.0,2,0,1,3,0,1,1513),
  (1,4,28,12,467,1.0,1,0,0,1,0,-1,2337),
  (1,4,34,13,464,2.0,2,0,2,4,0,0,1933),
  (1,4,52,14,448,1.0,1,0,0,1,0,-1,1891),
  (1,4,11,15,435,1.5,1,1,1,3,0,-1,1833),
  (1,4,49,16,432,1.5,1,1,1,3,0,-1,1660),
  (1,4,37,17,420,2.0,2,0,2,4,0,0,1524),
  (1,4,40,18,412,1.5,1,1,1,3,0,-1,1619),
  (1,4,50,19,412,1.5,1,1,1,3,0,-1,1699),
  (1,4,13,20,411,1.0,1,0,0,1,0,1,2269),
  (1,4,44,21,407,1.5,1,1,0,2,0,2,2192),
  (1,4,48,22,404,1.0,1,0,0,1,0,1,2314),
  (1,4,45,23,397,1.5,1,1,1,3,0,-1,1651),
  (1,4,16,24,390,1.0,1,0,0,1,0,1,1759),
  (1,4,22,25,390,1.5,1,1,1,3,0,-1,1230),
  (1,4,2,26,383,1.5,1,1,1,3,0,-1,2053),
  (1,4,15,27,378,1.0,1,0,2,4,1,-1,1648),
  (1,4,20,28,375,1.0,0,2,1,3,0,1,1528),
  (1,4,18,29,370,2.0,2,0,2,4,0,2,1485),
  (1,4,19,30,367,2.0,2,0,2,4,0,0,1296),
  (1,4,41,31,365,1.5,1,1,2,4,0,2,1684),
  (1,4,59,32,346,0.5,0,1,0,1,0,-1,1811),
  (1,4,27,33,333,0.5,0,1,1,2,0,0,1618),
  (1,4,57,34,313,1.0,1,0,2,3,0,-3,1786),
  (1,4,6,35,304,1.0,1,0,2,3,0,1,1555),
  (1,4,1,36,270,0.5,0,1,1,2,0,-2,1209),
  (1,4,12,37,267,0.0,0,0,1,1,0,-1,1692),
  (1,4,55,38,251,1.0,1,0,3,4,0,0,1345),
  (1,4,17,39,249,1.0,1,0,3,4,0,0,1338),
  (1,4,23,40,243,1.0,1,0,3,4,0,0,1019),
  (1,4,51,41,239,0.0,0,0,1,1,0,1,774),
  (1,4,10,42,223,1.0,1,0,3,4,0,0,1051),
  (1,4,21,43,134,0.0,0,0,3,3,0,1,1311),
  (1,4,35,44,101,0.0,0,0,4,4,0,-2,1637),
  (1,5,47,1,797,3.0,2,2,0,4,0,0,1940),
  (1,5,31,2,789,3.0,3,0,1,4,0,2,2207),
  (1,5,8,3,734,3.0,3,0,1,4,0,2,2161),
  (1,5,42,4,681,3.0,3,0,1,4,0,0,1476),
  (1,5,7,5,655,3.0,2,2,1,5,0,-1,1877),
  (1,5,30,6,651,2.5,2,1,0,3,0,-1,1946),
  (1,5,28,7,650,1.0,1,0,0,1,0,-1,2337),
  (1,5,43,8,636,2.5,1,3,0,4,0,2,1885),
  (1,5,45,9,623,2.5,2,1,1,4,0,0,1723),
  (1,5,33,10,599,1.5,1,1,0,2,0,0,1886),
  (1,5,11,11,589,2.0,1,2,1,4,0,0,1800),
  (1,5,20,12,580,2.0,1,2,1,4,0,0,1652),
  (1,5,18,13,570,3.0,3,0,2,5,0,1,1564),
  (1,5,50,14,567,1.5,1,1,1,4,1,-1,1700),
  (1,5,9,15,558,2.0,2,0,1,3,0,-1,1720),
  (1,5,22,16,549,2.5,2,1,1,4,0,0,1309),
  (1,5,52,17,545,1.0,1,0,0,1,0,-1,1882),
  (1,5,44,18,544,1.5,1,1,0,2,0,2,2192),
  (1,5,4,19,538,2.5,2,1,2,5,0,1,1651),
  (1,5,26,20,537,2.0,2,0,2,4,0,0,1437),
  (1,5,57,21,528,2.0,2,0,2,4,0,-2,1889),
  (1,5,34,22,527,2.0,2,0,2,4,0,0,1934),
  (1,5,59,23,526,1.5,1,1,0,2,0,0,1974),
  (1,5,6,24,517,2.0,2,0,2,4,0,0,1670),
  (1,5,2,25,516,1.5,1,1,1,3,0,-1,2053),
  (1,5,13,26,509,1.0,1,0,0,1,0,1,2275),
  (1,5,40,27,496,1.5,1,1,1,3,0,-1,1621),
  (1,5,41,28,495,2.0,1,2,2,5,0,1,1707),
  (1,5,16,29,483,1.0,1,0,0,1,0,1,1771),
  (1,5,48,30,466,1.0,1,0,0,1,0,1,2314),
  (1,5,37,31,458,2.0,2,0,3,5,0,1,1437),
  (1,5,49,32,451,1.5,1,1,2,4,0,0,1561),
  (1,5,1,33,447,1.5,1,1,1,3,0,-1,1340),
  (1,5,15,34,445,1.5,1,1,2,5,1,0,1653),
  (1,5,55,35,426,2.0,2,0,3,5,0,1,1436),
  (1,5,19,36,400,2.0,2,0,3,5,0,-1,1201),
  (1,5,27,37,383,0.5,0,1,2,3,0,-1,1542),
  (1,5,10,38,378,2.0,2,0,3,5,0,-1,1220),
  (1,5,12,39,350,0.0,0,0,1,1,0,-1,1692),
  (1,5,51,40,294,0.0,0,0,1,1,0,1,770),
  (1,5,17,41,278,1.0,1,0,4,5,0,1,1261),
  (1,5,23,42,253,1.0,1,0,4,5,0,-1,1003),
  (1,5,21,43,218,0.5,0,1,3,4,0,0,1425),
  (1,5,35,44,167,0.0,0,0,4,4,0,-2,1637),
  (1,6,47,1,887,3.5,2,3,0,5,0,-1,1901),
  (1,6,31,2,844,3.0,3,0,1,4,0,2,2210),
  (1,6,42,3,817,4.0,4,0,1,5,0,1,1562),
  (1,6,8,4,792,3.0,3,0,1,4,0,2,2164),
  (1,6,20,5,742,3.0,2,2,1,5,0,-1,1747),
  (1,6,28,6,729,1.0,1,0,0,1,0,-1,2335),
  (1,6,30,7,714,3.0,2,2,0,4,0,0,1882),
  (1,6,45,8,697,2.5,2,1,1,4,0,0,1724),
  (1,6,33,9,691,2.0,1,2,0,3,0,-1,1833),
  (1,6,7,10,687,3.0,2,2,1,5,0,-1,1876),
  (1,6,2,11,677,2.5,2,1,1,4,0,-2,2108),
  (1,6,40,12,652,2.5,2,1,1,4,0,0,1696),
  (1,6,11,13,644,2.0,1,2,1,4,0,0,1803),
  (1,6,4,14,637,3.5,3,1,2,6,0,0,1723),
  (1,6,50,15,633,1.5,1,1,1,4,1,-1,1696),
  (1,6,41,16,626,3.0,2,2,2,6,0,0,1776),
  (1,6,43,17,620,2.5,1,3,1,5,0,1,1817),
  (1,6,44,18,604,1.5,1,1,0,2,0,2,2198),
  (1,6,18,19,596,3.0,3,0,3,6,0,0,1457),
  (1,6,22,20,590,2.5,2,1,1,4,0,0,1311),
  (1,6,49,21,588,2.5,2,1,2,5,0,1,1624),
  (1,6,59,22,587,1.5,1,1,0,2,0,0,1971),
  (1,6,34,23,586,2.0,2,0,2,4,0,0,1933),
  (1,6,26,24,580,2.0,2,0,2,4,0,0,1439),
  (1,6,52,25,573,1.0,1,0,0,1,0,-1,1878),
  (1,6,13,26,569,1.0,1,0,0,1,0,1,2272),
  (1,6,55,27,555,3.0,3,0,3,6,0,0,1472),
  (1,6,57,28,539,2.0,2,0,3,5,0,-1,1851),
  (1,6,16,29,534,1.0,1,0,0,1,0,1,1772),
  (1,6,9,30,529,2.0,2,0,2,4,0,-2,1595),
  (1,6,6,31,518,2.0,2,0,3,5,0,1,1588),
  (1,6,1,32,506,1.5,1,1,1,3,0,-1,1337),
  (1,6,48,33,493,1.0,1,0,0,1,0,1,2324),
  (1,6,27,34,457,1.0,0,2,2,4,0,0,1585),
  (1,6,15,35,450,1.5,1,1,3,6,1,1,1602),
  (1,6,37,36,423,2.0,2,0,4,6,0,0,1405),
  (1,6,10,37,409,2.0,2,0,3,5,0,-1,1220),
  (1,6,12,38,387,0.0,0,0,1,1,0,-1,1696),
  (1,6,19,39,384,2.0,2,0,4,6,0,0,1190),
  (1,6,35,40,341,1.0,1,0,4,5,0,-1,1747),
  (1,6,17,41,321,1.0,1,0,4,5,0,1,1256),
  (1,6,51,42,320,0.0,0,0,1,1,0,1,772),
  (1,6,23,43,272,1.0,1,0,4,5,0,-1,1005),
  (1,6,21,44,216,0.5,0,1,4,5,0,1,1383),
  (1,7,31,1,988,4.0,4,0,1,5,0,1,2235),
  (1,7,47,2,956,4.0,2,4,0,6,0,0,1888),
  (1,7,8,3,876,3.0,3,0,1,4,0,2,2165),
  (1,7,30,4,828,3.0,2,2,0,4,0,0,1882),
  (1,7,33,5,821,2.0,1,2,0,3,0,-1,1832),
  (1,7,40,6,810,3.5,3,1,1,5,0,-1,1721),
  (1,7,42,7,798,4.0,4,0,2,6,0,0,1491),
  (1,7,7,8,784,3.0,2,2,1,5,0,-1,1878),
  (1,7,28,9,781,1.0,1,0,0,1,0,-1,2342),
  (1,7,20,10,765,3.0,2,2,2,6,0,0,1684),
  (1,7,45,11,760,3.0,2,2,1,5,0,-1,1731),
  (1,7,49,12,749,3.5,3,1,2,6,0,0,1666),
  (1,7,2,13,746,2.5,2,1,1,4,0,-2,2107),
  (1,7,43,14,740,3.5,2,3,1,6,0,0,1895),
  (1,7,41,15,721,3.5,2,3,2,7,0,-1,1767),
  (1,7,50,16,705,2.0,1,2,1,5,1,0,1686),
  (1,7,9,17,700,3.0,3,0,2,5,0,-1,1622),
  (1,7,11,18,699,2.0,1,2,1,4,0,0,1804),
  (1,7,55,19,688,4.0,4,0,3,7,0,1,1500),
  (1,7,59,20,682,1.5,1,1,0,2,0,0,1980),
  (1,7,44,21,676,1.5,1,1,0,2,0,2,2198),
  (1,7,34,22,674,2.0,2,0,2,4,0,0,1932),
  (1,7,27,23,635,2.0,1,2,2,5,0,-1,1676),
  (1,7,4,24,633,3.5,3,1,3,7,0,1,1671),
  (1,7,16,25,630,2.0,2,0,0,2,0,0,1658),
  (1,7,22,26,629,3.0,2,2,1,5,0,-1,1319),
  (1,7,13,27,605,1.0,1,0,0,1,0,1,2263),
  (1,7,52,28,590,1.0,1,0,0,1,0,-1,1877),
  (1,7,15,29,582,2.5,2,1,3,7,1,0,1672),
  (1,7,18,30,581,3.0,3,0,4,7,0,1,1428),
  (1,7,26,31,575,2.0,2,0,3,5,0,1,1395),
  (1,7,6,32,569,2.0,2,0,3,5,0,1,1588),
  (1,7,57,33,529,2.0,2,0,4,6,0,0,1776),
  (1,7,48,34,495,1.0,1,0,1,2,0,2,1941),
  (1,7,1,35,489,1.5,1,1,2,4,0,-2,1284),
  (1,7,10,36,473,2.5,2,1,3,6,0,0,1237),
  (1,7,37,37,444,2.0,2,0,4,6,0,0,1404),
  (1,7,35,38,437,1.0,1,0,4,5,0,-1,1748),
  (1,7,17,39,436,2.0,2,0,4,6,0,0,1315),
  (1,7,12,40,418,0.0,0,0,1,1,0,-1,1696),
  (1,7,19,41,362,2.0,2,0,5,7,0,1,1171),
  (1,7,51,42,346,0.0,0,0,1,1,0,1,766),
  (1,7,23,43,260,1.0,1,0,5,6,0,0,977),
  (1,7,21,44,234,0.5,0,1,4,5,0,1,1383),
  (1,8,31,1,1178,5.0,5,0,1,6,0,0,2229),
  (1,8,8,2,1081,4.0,4,0,1,5,0,1,2171),
  (1,8,47,3,962,4.0,2,4,1,7,0,1,1852),
  (1,8,30,4,935,3.5,2,3,0,5,0,-1,1865),
  (1,8,20,5,920,4.0,3,2,2,7,0,-1,1719),
  (1,8,43,6,919,4.5,3,3,1,7,0,1,1926),
  (1,8,33,7,905,2.5,1,3,0,4,0,0,1814),
  (1,8,42,8,904,5.0,5,0,2,7,0,-1,1509),
  (1,8,40,9,890,3.5,3,1,1,5,0,-1,1720),
  (1,8,45,10,881,3.0,2,2,1,6,1,-1,1730),
  (1,8,49,11,868,3.5,3,1,2,7,1,0,1669),
  (1,8,28,12,832,1.0,1,0,0,1,0,-1,2347),
  (1,8,7,13,817,3.0,2,2,2,6,0,0,1827),
  (1,8,59,14,804,2.0,1,2,0,3,0,1,1891),
  (1,8,2,15,790,2.5,2,1,1,4,0,-2,2106),
  (1,8,41,16,781,3.5,2,3,2,7,0,-1,1766),
  (1,8,11,17,764,2.0,1,2,1,4,0,0,1804),
  (1,8,55,18,755,4.5,4,1,3,8,0,2,1527),
  (1,8,44,19,739,1.5,1,1,0,2,0,2,2200),
  (1,8,9,20,731,3.0,3,0,3,6,0,0,1565),
  (1,8,34,21,723,2.0,2,0,2,4,0,0,1932),
  (1,8,27,22,712,2.0,1,2,2,5,0,-1,1676),
  (1,8,50,23,708,2.0,1,2,2,6,1,-1,1634),
  (1,8,18,24,700,4.0,4,0,4,8,0,0,1469),
  (1,8,15,25,680,3.0,2,2,3,8,1,-1,1673),
  (1,8,4,26,677,3.5,3,1,3,7,0,1,1672),
  (1,8,6,27,650,2.5,2,1,3,6,0,0,1588),
  (1,8,16,28,641,2.0,2,0,1,3,0,1,1419),
  (1,8,13,29,636,1.0,1,0,0,1,0,1,2257),
  (1,8,52,30,618,1.0,1,0,0,1,0,-1,1880),
  (1,8,22,31,607,3.0,2,2,2,6,0,0,1285),
  (1,8,35,32,602,2.0,2,0,4,6,0,0,1836),
  (1,8,26,33,597,2.0,2,0,3,5,0,1,1396),
  (1,8,17,34,584,3.0,3,0,4,7,0,-1,1372),
  (1,8,37,35,559,3.0,3,0,4,7,0,1,1434),
  (1,8,48,36,530,1.0,1,0,1,2,0,2,1947),
  (1,8,57,37,523,2.0,2,0,5,7,0,-1,1743),
  (1,8,10,38,482,2.5,2,1,4,7,0,1,1219),
  (1,8,1,39,461,1.5,1,1,3,5,0,-1,1176),
  (1,8,12,40,456,0.0,0,0,1,1,0,-1,1696),
  (1,8,23,41,387,2.0,2,0,5,7,0,-1,1065),
  (1,8,51,42,383,0.0,0,0,1,1,0,1,774),
  (1,8,19,43,352,2.0,2,0,6,8,0,0,1158),
  (1,8,21,44,273,0.5,0,1,4,5,0,1,1382),
  (1,9,31,1,1297,5.0,5,0,1,6,0,0,2230),
  (1,9,8,2,1187,4.0,4,0,1,5,0,1,2172),
  (1,9,40,3,1022,4.5,4,1,1,6,0,-2,1720),
  (1,9,20,4,988,4.5,3,3,2,8,0,0,1719),
  (1,9,47,5,983,4.5,2,5,1,8,0,0,1826),
  (1,9,30,6,966,3.5,2,3,0,5,0,-1,1864),
  (1,9,43,7,964,5.0,3,4,1,8,0,0,1912),
  (1,9,33,8,951,3.0,1,4,0,5,0,1,1810),
  (1,9,45,9,933,3.5,2,3,1,7,1,0,1706),
  (1,9,7,10,929,4.0,3,2,2,7,0,-1,1869),
  (1,9,49,11,917,3.5,3,1,2,7,1,0,1670),
  (1,9,41,12,890,4.5,3,3,2,8,0,0,1808),
  (1,9,59,13,882,2.5,1,3,0,4,0,0,1838),
  (1,9,42,14,872,5.0,5,0,3,8,0,0,1468),
  (1,9,2,15,847,2.5,2,1,1,4,0,-2,2107),
  (1,9,28,16,847,1.0,1,0,0,1,0,-1,2347),
  (1,9,44,17,821,1.5,1,1,0,2,0,2,2202),
  (1,9,4,18,814,4.5,4,1,3,8,0,0,1704),
  (1,9,11,19,812,2.5,1,3,1,5,0,1,1806),
  (1,9,55,20,807,5.0,4,2,3,9,0,1,1541),
  (1,9,35,21,766,3.0,3,0,4,7,0,-1,1880),
  (1,9,34,22,731,2.0,2,0,2,4,0,0,1934),
  (1,9,18,23,725,4.0,4,0,4,8,0,0,1469),
  (1,9,9,24,708,3.0,3,0,4,7,0,1,1519),
  (1,9,16,25,705,2.0,2,0,1,4,1,1,1420),
  (1,9,37,26,691,4.0,4,0,4,8,0,0,1468),
  (1,9,27,27,686,2.0,1,2,3,6,0,0,1655),
  (1,9,50,28,665,2.0,1,2,3,7,1,0,1599),
  (1,9,15,29,663,3.0,2,2,4,9,1,0,1653),
  (1,9,13,30,641,1.0,1,0,0,1,0,1,2262),
  (1,9,52,31,638,1.0,1,0,0,1,0,-1,1885),
  (1,9,57,32,631,3.0,3,0,5,8,0,-2,1793),
  (1,9,6,33,625,2.5,2,1,4,7,0,-1,1566),
  (1,9,48,34,607,1.0,1,0,1,2,0,2,1949),
  (1,9,10,35,600,3.5,3,1,4,8,0,0,1263),
  (1,9,17,36,572,3.0,3,0,5,8,0,0,1362),
  (1,9,22,37,571,3.0,2,2,3,7,0,1,1259),
  (1,9,26,38,564,2.0,2,0,4,6,0,0,1297),
  (1,9,12,39,521,0.0,0,0,1,1,0,-1,1696),
  (1,9,19,40,480,3.0,3,0,6,9,0,1,1232),
  (1,9,23,41,420,2.0,2,0,5,7,0,-1,1065),
  (1,9,1,42,419,1.5,1,1,4,6,0,0,1143),
  (1,9,51,43,411,0.0,0,0,1,1,0,1,774),
  (1,9,21,44,407,1.5,1,1,4,6,0,0,1465),
  (1,10,31,1,1346,5.0,5,0,1,6,0,0,2231),
  (1,10,8,2,1316,5.0,5,0,1,6,0,0,2182),
  (1,10,30,3,1021,3.5,2,3,0,5,0,-1,1863),
  (1,10,40,4,1013,4.5,4,1,1,6,0,-2,1719),
  (1,10,33,5,1007,3.0,1,4,0,5,0,1,1810),
  (1,10,41,6,1000,5.5,4,3,2,9,0,1,1834),
  (1,10,47,7,984,5.0,2,6,1,9,0,1,1823),
  (1,10,7,8,982,4.0,3,2,2,7,0,-1,1870),
  (1,10,20,9,981,4.5,3,3,2,8,0,0,1720),
  (1,10,49,10,931,3.5,3,1,2,7,1,0,1667),
  (1,10,59,11,917,3.0,1,4,0,5,0,-1,1813),
  (1,10,43,12,905,5.0,3,4,2,9,0,1,1888),
  (1,10,45,13,878,3.5,2,3,2,8,1,-1,1666),
  (1,10,4,14,860,5.0,4,2,3,9,0,1,1717),
  (1,10,2,15,859,2.5,2,1,1,4,0,-2,2109),
  (1,10,44,16,850,1.5,1,1,0,2,0,2,2202),
  (1,10,28,17,847,1.0,1,0,0,1,0,-1,2347),
  (1,10,35,18,840,3.0,3,0,4,7,0,-1,1881),
  (1,10,11,19,833,3.0,1,4,1,6,0,0,1778),
  (1,10,42,20,800,5.0,5,0,4,9,0,-1,1428),
  (1,10,37,21,791,5.0,5,0,4,9,0,1,1494),
  (1,10,27,22,778,3.0,2,2,3,7,0,1,1701),
  (1,10,9,23,761,4.0,4,0,4,8,0,0,1546),
  (1,10,57,24,738,4.0,4,0,5,9,0,-1,1829),
  (1,10,15,25,734,4.0,3,2,4,10,1,-1,1681),
  (1,10,55,26,733,5.0,4,2,4,10,0,0,1523),
  (1,10,34,27,725,2.0,2,0,2,4,0,0,1935),
  (1,10,16,28,712,2.0,2,0,1,4,1,1,1416),
  (1,10,18,29,681,4.0,4,0,5,9,0,-1,1395),
  (1,10,6,30,678,2.5,2,1,4,7,0,-1,1567),
  (1,10,52,31,635,1.0,1,0,0,1,0,-1,1889),
  (1,10,48,32,630,1.0,1,0,1,2,0,2,1950),
  (1,10,13,33,630,1.0,1,0,0,1,0,1,2266),
  (1,10,26,34,611,3.0,3,0,4,7,0,1,1339),
  (1,10,50,35,605,2.0,1,2,4,8,1,-1,1583),
  (1,10,19,36,585,4.0,4,0,6,10,0,2,1296),
  (1,10,22,37,558,3.0,2,2,3,7,0,1,1259),
  (1,10,10,38,543,3.5,3,1,5,9,0,1,1249),
  (1,10,39,39,535,1.0,1,0,0,1,0,-1,1545),
  (1,10,12,40,526,0.0,0,0,1,1,0,-1,1696),
  (1,10,17,41,520,3.0,3,0,6,9,0,1,1359),
  (1,10,21,42,450,1.5,1,1,4,6,0,0,1464),
  (1,10,51,43,402,0.0,0,0,1,1,0,1,770),
  (1,10,23,44,371,2.0,2,0,6,8,0,0,1047),
  (1,10,1,45,370,1.5,1,1,5,7,0,-1,1125),
  (1,11,31,1,1504,5.0,5,0,1,6,0,0,2230),
  (1,11,8,2,1409,5.0,5,0,1,6,0,0,2182),
  (1,11,30,3,1207,4.5,3,3,0,6,0,0,1896),
  (1,11,33,4,1104,3.5,1,5,0,6,0,0,1781),
  (1,11,41,5,1101,6.0,4,4,2,10,0,0,1829),
  (1,11,7,6,1090,4.5,3,3,2,8,0,0,1851),
  (1,11,47,7,1078,5.5,2,7,1,10,0,0,1821),
  (1,11,45,8,1032,4.5,3,3,2,9,1,-2,1708),
  (1,11,59,9,1017,3.5,1,5,0,6,0,0,1815),
  (1,11,49,10,1012,4.0,3,2,2,8,1,1,1673),
  (1,11,40,11,1006,4.5,4,1,2,7,0,-1,1654),
  (1,11,4,12,1006,6.0,5,2,3,10,0,2,1714),
  (1,11,20,13,987,4.5,3,3,3,9,0,-1,1677),
  (1,11,43,14,973,5.0,3,4,2,9,0,1,1888),
  (1,11,35,15,953,3.5,3,1,4,8,0,0,1870),
  (1,11,37,16,934,6.0,6,0,4,10,0,2,1519),
  (1,11,2,17,929,2.5,2,1,1,4,0,-2,2109),
  (1,11,11,18,925,3.5,1,5,1,7,0,-1,1801),
  (1,11,44,19,919,1.5,1,1,0,2,0,2,2201),
  (1,11,57,20,914,5.0,5,0,5,10,0,0,1859),
  (1,11,28,21,895,1.0,1,0,0,1,0,-1,2347),
  (1,11,34,22,831,2.0,2,0,2,4,0,0,1937),
  (1,11,42,23,800,5.0,5,0,5,10,0,0,1396),
  (1,11,9,24,794,4.0,4,0,4,8,0,0,1545),
  (1,11,27,25,794,3.0,2,2,4,8,0,0,1675),
  (1,11,18,26,791,5.0,5,0,5,10,0,-2,1425),
  (1,11,55,27,787,5.0,4,2,4,10,0,0,1523),
  (1,11,15,28,763,4.0,3,2,5,11,1,0,1648),
  (1,11,16,29,758,2.0,2,0,1,4,1,1,1413),
  (1,11,50,30,736,3.0,2,2,4,9,1,-2,1655),
  (1,11,48,31,697,1.0,1,0,1,2,0,2,1948),
  (1,11,52,32,694,1.0,1,0,0,1,0,-1,1894),
  (1,11,6,33,692,2.5,2,1,5,8,0,0,1530),
  (1,11,13,34,686,1.0,1,0,0,1,0,1,2270),
  (1,11,17,35,671,4.0,4,0,6,10,0,0,1395),
  (1,11,26,36,653,3.0,3,0,4,7,0,1,1337),
  (1,11,12,37,619,0.0,0,0,1,1,0,-1,1696),
  (1,11,22,38,609,3.0,2,2,3,7,0,1,1258),
  (1,11,21,39,604,2.5,2,1,4,7,0,-1,1557),
  (1,11,19,40,596,4.0,4,0,7,11,0,1,1282),
  (1,11,39,41,567,1.0,1,0,1,2,0,0,1321),
  (1,11,10,42,532,3.5,3,1,6,10,0,0,1236),
  (1,11,51,43,447,0.0,0,0,1,1,0,1,770),
  (1,11,1,44,415,1.5,1,1,5,7,0,-1,1124),
  (1,11,23,45,403,2.0,2,0,6,8,0,0,1046),
  (1,12,31,1,1666,6.0,6,0,1,7,0,1,2227),
  (1,12,8,2,1515,5.0,5,0,1,6,0,0,2184),
  (1,12,30,3,1285,4.5,3,3,0,6,0,0,1893),
  (1,12,45,4,1172,5.5,4,3,2,10,1,-1,1713),
  (1,12,33,5,1142,3.5,1,5,0,6,0,0,1777),
  (1,12,7,6,1137,4.5,3,3,2,8,0,0,1850),
  (1,12,43,7,1129,6.0,4,4,2,10,0,0,1903),
  (1,12,4,8,1114,6.0,5,2,3,10,0,2,1714),
  (1,12,41,9,1096,6.0,4,4,3,11,0,-1,1806),
  (1,12,35,10,1090,4.5,4,1,4,9,0,-1,1900),
  (1,12,59,11,1083,4.0,1,6,0,7,0,-1,1813),
  (1,12,47,12,1066,5.5,2,7,2,11,0,1,1796),
  (1,12,37,13,1027,6.0,6,0,4,10,0,2,1519),
  (1,12,40,14,1019,4.5,4,1,2,7,0,-1,1653),
  (1,12,49,15,1014,4.0,3,2,3,9,1,0,1606),
  (1,12,44,16,1007,1.5,1,1,0,2,0,2,2203),
  (1,12,11,17,997,4.0,1,6,1,8,0,0,1799),
  (1,12,2,18,979,2.5,2,1,1,4,0,-2,2110),
  (1,12,57,19,968,5.0,5,0,5,10,0,0,1859),
  (1,12,20,20,960,4.5,3,3,4,10,0,0,1652),
  (1,12,9,21,933,5.0,5,0,4,9,0,1,1600),
  (1,12,28,22,923,1.0,1,0,0,1,0,-1,2352),
  (1,12,34,23,895,2.0,2,0,2,4,0,0,1938),
  (1,12,55,24,877,5.0,4,2,4,10,0,0,1524),
  (1,12,48,25,860,2.0,2,0,1,3,0,1,2006),
  (1,12,18,26,836,5.0,5,0,5,10,0,-2,1424),
  (1,12,50,27,831,3.5,2,3,4,10,1,-1,1665),
  (1,12,27,28,831,3.5,2,3,4,9,0,-1,1681),
  (1,12,42,29,785,5.0,5,0,6,11,0,-1,1381),
  (1,12,16,30,784,2.0,2,0,1,4,1,1,1412),
  (1,12,17,31,773,5.0,5,0,6,11,0,1,1414),
  (1,12,15,32,767,4.0,3,2,6,12,1,1,1638),
  (1,12,52,33,738,1.0,1,0,0,1,0,-1,1893),
  (1,12,13,34,732,1.0,1,0,0,1,0,1,2270),
  (1,12,22,35,718,4.0,3,2,3,8,0,2,1298),
  (1,12,6,36,713,2.5,2,1,5,8,0,0,1528),
  (1,12,12,37,677,0.0,0,0,1,1,0,-1,1696),
  (1,12,26,38,676,3.0,3,0,4,7,0,1,1336),
  (1,12,21,39,671,2.5,2,1,4,7,0,-1,1557),
  (1,12,39,40,660,2.0,2,0,1,3,0,-1,1404),
  (1,12,10,41,608,3.5,3,1,6,10,0,0,1236),
  (1,12,19,42,587,4.0,4,0,8,12,0,0,1252),
  (1,12,51,43,485,0.0,0,0,1,1,0,1,768),
  (1,12,1,44,413,1.5,1,1,6,8,0,0,1098),
  (1,12,23,45,405,2.0,2,0,7,9,0,-1,1047),
  (1,13,31,1,1821,7.0,7,0,1,8,0,0,2224),
  (1,13,8,2,1563,5.0,5,0,1,6,0,0,2184),
  (1,13,30,3,1372,4.5,3,3,0,6,0,0,1894),
  (1,13,33,4,1262,4.5,2,5,0,7,0,-1,1816),
  (1,13,35,5,1235,5.5,5,1,4,10,0,0,1922),
  (1,13,7,6,1219,4.5,3,3,2,8,0,0,1849),
  (1,13,4,7,1199,6.5,5,3,3,11,0,1,1723),
  (1,13,45,8,1179,5.5,4,3,3,11,1,0,1672),
  (1,13,37,9,1155,7.0,7,0,4,11,0,1,1535),
  (1,13,41,10,1150,6.5,4,5,3,12,0,0,1818),
  (1,13,59,11,1143,4.5,1,7,0,8,0,0,1792),
  (1,13,47,12,1139,5.5,2,7,2,11,0,1,1797),
  (1,13,11,13,1135,5.0,2,6,1,9,0,1,1853),
  (1,13,43,14,1120,6.0,4,4,3,11,0,1,1874),
  (1,13,20,15,1086,5.5,4,3,4,11,0,-1,1682),
  (1,13,44,16,1064,1.5,1,1,0,2,0,2,2204),
  (1,13,49,17,1043,4.0,3,2,3,9,1,0,1606),
  (1,13,55,18,1025,6.0,5,2,4,11,0,1,1562),
  (1,13,2,19,1019,2.5,2,1,1,4,0,-2,2108),
  (1,13,40,20,998,4.5,4,1,3,8,0,0,1604),
  (1,13,48,21,973,2.5,2,1,1,4,0,0,1958),
  (1,13,18,22,972,6.0,6,0,5,11,0,-1,1450),
  (1,13,28,23,952,1.0,1,0,0,1,0,-1,2356),
  (1,13,57,24,950,5.0,5,0,6,11,0,-1,1818),
  (1,13,9,25,945,5.0,5,0,5,10,0,0,1561),
  (1,13,34,26,939,2.0,2,0,2,4,0,0,1939),
  (1,13,27,27,880,4.0,2,4,4,10,0,0,1688),
  (1,13,17,28,862,5.0,5,0,6,12,1,1,1414),
  (1,13,50,29,839,3.5,2,3,5,11,1,-2,1652),
  (1,13,16,30,837,2.5,2,1,1,5,1,0,1357),
  (1,13,15,31,831,4.5,3,3,6,13,1,0,1648),
  (1,13,42,32,827,5.5,5,1,6,12,0,0,1363),
  (1,13,26,33,787,4.0,4,0,4,8,0,2,1386),
  (1,13,52,34,781,1.0,1,0,0,1,0,-1,1897),
  (1,13,13,35,774,1.0,1,0,0,1,0,1,2262),
  (1,13,21,36,762,2.5,2,1,4,7,0,-1,1556),
  (1,13,6,37,747,2.5,2,1,5,8,0,0,1529),
  (1,13,12,38,729,0.0,0,0,1,1,0,-1,1696),
  (1,13,22,39,728,4.0,3,2,4,9,0,1,1276),
  (1,13,39,40,681,2.0,2,0,2,4,0,0,1331),
  (1,13,19,41,651,4.5,4,1,8,13,0,1,1251),
  (1,13,10,42,624,3.5,3,1,7,11,0,-1,1218),
  (1,13,51,43,531,0.0,0,0,1,1,0,1,768),
  (1,13,1,44,477,2.0,1,2,6,9,0,-1,1123),
  (1,13,23,45,440,2.0,2,0,7,9,0,-1,1046),
  (1,14,31,1,1938,7.0,7,0,1,9,1,0,2224),
  (1,14,8,2,1582,5.0,5,0,1,6,0,0,2182),
  (1,14,30,3,1415,4.5,3,3,0,6,0,0,1895),
  (1,14,7,4,1356,5.5,4,3,2,9,0,1,1904),
  (1,14,33,5,1333,5.0,2,6,0,8,0,0,1795),
  (1,14,37,6,1295,8.0,8,0,4,12,0,0,1574),
  (1,14,4,7,1283,7.0,5,4,3,12,0,0,1724),
  (1,14,41,8,1268,7.5,5,5,3,13,0,-1,1853),
  (1,14,45,9,1249,5.5,4,3,3,11,1,0,1671),
  (1,14,11,10,1227,5.0,2,6,1,9,0,1,1851),
  (1,14,35,11,1223,5.5,5,1,5,11,0,-1,1874),
  (1,14,59,12,1176,4.5,1,7,0,8,0,0,1792),
  (1,14,47,13,1176,5.5,2,7,2,11,0,1,1799),
  (1,14,20,14,1164,5.5,4,3,4,11,0,-1,1680),
  (1,14,49,15,1153,5.0,4,2,3,10,1,1,1621),
  (1,14,18,16,1108,7.0,7,0,5,12,0,0,1465),
  (1,14,44,17,1099,1.5,1,1,0,2,0,2,2200),
  (1,14,43,18,1094,6.0,4,4,4,12,0,2,1830),
  (1,14,55,19,1080,6.0,5,2,4,11,0,1,1561),
  (1,14,2,20,1040,2.5,2,1,1,4,0,-2,2107),
  (1,14,48,21,1030,2.5,2,1,1,4,0,0,1957),
  (1,14,15,22,978,5.5,4,3,6,14,1,-1,1691),
  (1,14,28,23,976,1.0,1,0,0,1,0,-1,2356),
  (1,14,40,24,974,4.5,4,1,4,9,0,1,1548),
  (1,14,34,25,968,2.0,2,0,2,4,0,0,1937),
  (1,14,27,26,967,4.0,2,4,4,10,0,0,1688),
  (1,14,9,27,931,5.0,5,0,6,11,0,-1,1536),
  (1,14,57,28,925,5.0,5,0,7,12,0,0,1785),
  (1,14,50,29,908,3.5,2,3,5,11,1,-2,1653),
  (1,14,21,30,906,3.5,3,1,4,8,0,0,1603),
  (1,14,17,31,864,5.0,5,0,7,13,1,0,1405),
  (1,14,6,32,864,3.5,3,1,5,9,0,1,1571),
  (1,14,26,33,832,4.0,4,0,4,8,0,2,1384),
  (1,14,16,34,828,2.5,2,1,2,6,1,-1,1300),
  (1,14,42,35,825,5.5,5,1,7,13,0,-1,1350),
  (1,14,52,36,816,1.0,1,0,0,1,0,-1,1906),
  (1,14,13,37,799,1.0,1,0,0,1,0,1,2256),
  (1,14,39,38,785,3.0,3,0,2,5,0,-1,1415),
  (1,14,12,39,766,0.0,0,0,1,1,0,-1,1696),
  (1,14,22,40,761,4.0,3,2,4,9,0,1,1276),
  (1,14,19,41,757,5.5,5,1,8,14,0,2,1271),
  (1,14,10,42,620,3.5,3,1,8,12,0,0,1192),
  (1,14,51,43,568,0.0,0,0,1,1,0,1,763),
  (1,14,1,44,513,2.0,1,2,6,9,0,-1,1123),
  (1,14,23,45,442,2.0,2,0,8,10,0,-2,1022),
  (1,15,31,1,1996,7.0,7,0,1,9,1,0,2224),
  (1,15,8,2,1601,5.0,5,0,1,6,0,0,2183),
  (1,15,30,3,1571,5.5,4,3,0,7,0,1,1918),
  (1,15,7,4,1433,5.5,4,3,2,9,0,1,1904),
  (1,15,37,5,1411,8.0,8,0,4,12,0,0,1574),
  (1,15,4,6,1406,7.0,5,4,3,12,0,0,1724),
  (1,15,33,7,1392,5.0,2,6,0,8,0,0,1796),
  (1,15,11,8,1364,6.0,3,6,1,10,0,0,1879),
  (1,15,41,9,1332,7.5,5,5,3,13,0,-1,1853),
  (1,15,47,10,1322,6.5,3,7,2,12,0,2,1828),
  (1,15,20,11,1297,6.5,5,3,4,12,0,0,1697),
  (1,15,35,12,1262,5.5,5,1,5,11,0,-1,1874),
  (1,15,45,13,1249,5.5,4,3,4,12,1,-1,1643),
  (1,15,18,14,1223,7.0,7,0,5,12,0,0,1465),
  (1,15,59,15,1222,4.5,1,7,0,8,0,0,1793),
  (1,15,49,16,1220,5.0,4,2,3,10,1,1,1622),
  (1,15,55,17,1182,6.0,5,2,4,11,0,1,1560),
  (1,15,43,18,1143,6.0,4,4,4,12,0,2,1831),
  (1,15,44,19,1133,1.5,1,1,0,2,0,2,2200),
  (1,15,48,20,1075,2.5,2,1,1,4,0,0,1959),
  (1,15,2,21,1072,2.5,2,1,1,4,0,-2,2107),
  (1,15,50,22,1044,4.5,3,3,5,12,1,-1,1711),
  (1,15,28,23,1014,1.0,1,0,0,1,0,-1,2356),
  (1,15,40,24,1009,4.5,4,1,4,9,0,1,1548),
  (1,15,34,25,1005,2.0,2,0,2,4,0,0,1938),
  (1,15,15,26,995,5.5,4,3,7,15,1,0,1672),
  (1,15,27,27,985,4.0,2,4,5,11,0,-1,1657),
  (1,15,57,28,983,5.0,5,0,7,12,0,0,1786),
  (1,15,21,29,981,3.5,3,1,4,8,0,0,1604),
  (1,15,9,30,965,5.0,5,0,6,11,0,-1,1535),
  (1,15,42,31,953,6.5,6,1,7,14,0,-2,1367),
  (1,15,16,32,922,3.5,3,1,2,7,1,0,1346),
  (1,15,6,33,918,3.5,3,1,5,9,0,1,1571),
  (1,15,26,34,874,4.0,4,0,4,8,0,2,1384),
  (1,15,17,35,869,5.0,5,0,8,14,1,-1,1394),
  (1,15,52,36,865,1.0,1,0,0,1,0,-1,1906),
  (1,15,39,37,849,3.0,3,0,2,5,0,-1,1414),
  (1,15,13,38,833,1.0,1,0,0,1,0,1,2256),
  (1,15,22,39,814,4.0,3,2,4,9,0,1,1275),
  (1,15,12,40,810,0.0,0,0,1,1,0,-1,1696),
  (1,15,19,41,766,5.5,5,1,9,15,0,3,1248),
  (1,15,10,42,655,3.5,3,1,8,12,0,0,1191),
  (1,15,54,43,637,0.0,0,0,1,1,0,-1,1329),
  (1,15,51,44,614,0.0,0,0,1,1,0,1,763),
  (1,15,1,45,524,2.0,1,2,7,10,0,-2,1093),
  (1,15,23,46,480,2.0,2,0,8,10,0,-2,1022),
  (1,16,31,1,2129,7.0,7,0,1,9,1,0,2224),
  (1,16,8,2,1710,5.0,5,0,1,6,0,0,2183),
  (1,16,30,3,1686,6.0,4,4,0,8,0,2,1902),
  (1,16,7,4,1501,5.5,4,3,2,9,0,1,1904),
  (1,16,11,5,1492,6.0,3,6,1,10,0,0,1878),
  (1,16,41,6,1478,8.5,6,5,3,14,0,0,1872),
  (1,16,33,7,1459,5.0,2,6,0,8,0,0,1795),
  (1,16,20,8,1449,7.5,6,3,4,13,0,-1,1729),
  (1,16,4,9,1432,7.0,5,4,4,13,0,-1,1696),
  (1,16,37,10,1425,8.0,8,0,5,13,0,-1,1550),
  (1,16,45,11,1414,6.5,5,3,4,13,1,0,1663),
  (1,16,18,12,1371,8.0,8,0,5,13,0,1,1497),
  (1,16,35,13,1367,5.5,5,1,5,11,0,-1,1874),
  (1,16,47,14,1351,6.5,3,7,3,13,0,1,1803),
  (1,16,49,15,1335,5.0,4,2,3,10,1,1,1623),
  (1,16,59,16,1319,5.0,1,8,0,9,0,-1,1787),
  (1,16,43,17,1255,6.0,4,4,4,12,0,2,1830),
  (1,16,55,18,1233,6.0,5,2,4,11,0,1,1560),
  (1,16,44,19,1223,1.5,1,1,0,2,0,2,2200),
  (1,16,48,20,1174,2.5,2,1,1,4,0,0,1960),
  (1,16,27,21,1156,5.0,3,4,5,12,0,0,1687),
  (1,16,57,22,1145,6.0,6,0,7,13,0,1,1811),
  (1,16,2,23,1114,2.5,2,1,1,4,0,-2,2107),
  (1,16,50,24,1063,4.5,3,3,6,13,1,-2,1688),
  (1,16,9,25,1060,5.0,5,0,6,11,0,-1,1534),
  (1,16,28,26,1056,1.0,1,0,0,1,0,-1,2358),
  (1,16,34,27,1054,2.0,2,0,2,4,0,0,1939),
  (1,16,21,28,1030,3.5,3,1,4,8,0,0,1601),
  (1,16,40,29,1017,4.5,4,1,5,10,0,0,1489),
  (1,16,42,30,1008,6.5,6,1,7,14,0,-2,1368),
  (1,16,15,31,996,5.5,4,3,8,16,1,1,1645),
  (1,16,26,32,977,5.0,5,0,4,9,0,1,1402),
  (1,16,16,33,976,3.5,3,1,2,7,1,0,1346),
  (1,16,6,34,967,3.5,3,1,5,9,0,1,1569),
  (1,16,22,35,946,5.0,4,2,4,10,0,2,1345),
  (1,16,52,36,913,1.0,1,0,0,1,0,-1,1904),
  (1,16,39,37,894,3.0,3,0,2,5,0,-1,1413),
  (1,16,12,38,893,0.0,0,0,1,1,0,-1,1696),
  (1,16,17,39,873,5.0,5,0,9,15,1,-2,1374),
  (1,16,13,40,873,1.0,1,0,0,1,0,1,2258),
  (1,16,19,41,810,5.5,5,1,9,15,0,3,1249),
  (1,16,29,42,789,1.0,1,0,0,1,0,1,1389),
  (1,16,25,43,789,1.0,1,0,0,1,0,1,1389),
  (1,16,53,44,789,1.0,1,0,0,1,0,-1,1389),
  (1,16,54,45,699,0.0,0,0,1,1,0,-1,1324),
  (1,16,10,46,687,3.5,3,1,8,12,0,0,1193),
  (1,16,3,47,677,0.0,0,0,1,1,0,-1,611),
  (1,16,36,48,677,0.0,0,0,1,1,0,1,611),
  (1,16,38,49,677,0.0,0,0,1,1,0,-1,611),
  (1,16,51,50,653,0.0,0,0,1,1,0,1,759),
  (1,16,1,51,554,2.0,1,2,7,10,0,-2,1095),
  (1,16,23,52,478,2.0,2,0,9,11,0,-1,1022),
  (1,17,31,1,2303,8.0,8,0,1,10,1,1,2220),
  (1,17,30,2,1788,6.5,4,5,0,9,0,1,1894),
  (1,17,8,3,1775,5.0,5,0,1,6,0,0,2182),
  (1,17,20,4,1619,8.5,7,3,4,14,0,-2,1741),
  (1,17,41,5,1603,8.5,6,5,3,15,1,0,1871),
  (1,17,7,6,1590,6.0,4,4,2,10,0,2,1885),
  (1,17,33,7,1538,5.5,2,7,0,9,0,1,1773),
  (1,17,11,8,1520,6.0,3,6,2,11,0,-1,1851),
  (1,17,45,9,1512,7.0,5,4,4,14,1,-1,1662),
  (1,17,4,10,1506,7.5,5,5,4,14,0,0,1694),
  (1,17,49,11,1478,6.0,5,2,3,11,1,0,1647),
  (1,17,35,12,1443,5.5,5,1,5,11,0,-1,1874),
  (1,17,37,13,1425,8.0,8,0,6,14,0,0,1530),
  (1,17,18,14,1387,8.0,8,0,6,14,0,0,1471),
  (1,17,59,15,1387,5.0,1,8,0,9,0,-1,1786),
  (1,17,47,16,1361,6.5,3,7,4,14,0,0,1784),
  (1,17,27,17,1323,6.0,4,4,5,13,0,1,1726),
  (1,17,55,18,1323,6.5,5,3,4,12,0,0,1574),
  (1,17,44,19,1287,1.5,1,1,0,2,0,2,2200),
  (1,17,43,20,1275,6.0,4,4,5,13,0,1,1792),
  (1,17,48,21,1239,2.5,2,1,1,4,0,0,1960),
  (1,17,9,22,1226,6.0,6,0,6,12,0,0,1563),
  (1,17,57,23,1211,6.0,6,0,7,13,0,1,1810),
  (1,17,50,24,1198,5.5,4,3,6,14,1,-1,1716),
  (1,17,2,25,1169,2.5,2,1,1,4,0,-2,2107),
  (1,17,34,26,1111,2.0,2,0,2,4,0,0,1939),
  (1,17,28,27,1099,1.0,1,0,0,1,0,-1,2362),
  (1,17,22,28,1098,6.0,5,2,4,11,0,3,1376),
  (1,17,6,29,1094,4.5,4,1,5,10,0,0,1623),
  (1,17,40,30,1069,4.5,4,1,5,10,0,0,1490),
  (1,17,26,31,1039,5.0,5,0,4,9,0,1,1401),
  (1,17,21,32,1032,3.5,3,1,5,9,0,-1,1575),
  (1,17,16,33,1028,3.5,3,1,2,7,1,0,1344),
  (1,17,42,34,1025,6.5,6,1,8,15,0,-3,1339),
  (1,17,15,35,994,5.5,4,3,9,17,1,2,1624),
  (1,17,12,36,959,0.0,0,0,1,1,0,-1,1696),
  (1,17,52,37,957,1.0,1,0,0,1,0,-1,1899),
  (1,17,53,38,943,2.0,2,0,0,2,0,0,1393),
  (1,17,39,39,943,3.0,3,0,2,5,0,-1,1411),
  (1,17,13,40,924,1.0,1,0,0,1,0,1,2258),
  (1,17,17,41,882,5.0,5,0,10,16,1,-1,1365),
  (1,17,54,42,870,1.0,1,0,1,2,0,0,1720),
  (1,17,29,43,864,1.0,1,0,0,1,0,1,1389),
  (1,17,19,44,862,5.5,5,1,9,15,0,3,1248),
  (1,17,5,45,835,1.0,1,0,0,1,0,-1,1470),
  (1,17,25,46,824,1.0,1,0,1,2,0,0,1004),
  (1,17,10,47,730,3.5,3,1,8,12,0,0,1193),
  (1,17,3,48,709,0.0,0,0,1,1,0,-1,611),
  (1,17,36,49,709,0.0,0,0,1,1,0,1,620),
  (1,17,51,50,700,0.0,0,0,1,1,0,1,759),
  (1,17,38,51,672,0.0,0,0,2,2,0,0,762),
  (1,17,1,52,599,2.0,1,2,7,10,0,-2,1095),
  (1,17,23,53,515,2.0,2,0,9,11,0,-1,1022),
  (1,18,31,1,2368,8.5,8,1,1,11,1,2,2209),
  (1,18,8,2,1834,5.5,5,1,1,7,0,-1,2151),
  (1,18,30,3,1776,6.5,4,5,1,10,0,0,1850),
  (1,18,41,4,1762,9.5,7,5,3,16,1,1,1886),
  (1,18,33,5,1683,6.5,3,7,0,10,0,2,1816),
  (1,18,20,6,1670,8.5,7,3,4,14,0,-2,1743),
  (1,18,4,7,1634,8.5,6,5,4,15,0,1,1714),
  (1,18,7,8,1575,6.0,4,4,3,11,0,1,1831),
  (1,18,45,9,1573,7.5,5,5,4,15,1,0,1672),
  (1,18,37,10,1540,9.0,9,0,6,15,0,-1,1559),
  (1,18,49,11,1515,6.0,5,2,3,11,1,0,1649),
  (1,18,11,12,1489,6.0,3,6,3,12,0,0,1805),
  (1,18,35,13,1479,5.5,5,1,5,11,0,-1,1871),
  (1,18,59,14,1449,5.5,1,9,0,10,0,-2,1772),
  (1,18,18,15,1415,8.0,8,0,6,14,0,0,1472),
  (1,18,47,16,1403,6.5,3,7,4,14,0,0,1784),
  (1,18,27,17,1375,6.0,4,4,5,13,0,1,1723),
  (1,18,55,18,1320,6.5,5,3,5,13,0,-1,1550),
  (1,18,44,19,1317,1.5,1,1,0,2,0,2,2200),
  (1,18,43,20,1306,6.0,4,4,5,13,0,1,1790),
  (1,18,48,21,1269,2.5,2,1,1,4,0,0,1962),
  (1,18,6,22,1248,5.5,5,1,5,11,0,-1,1676),
  (1,18,50,23,1247,5.5,4,3,6,14,1,-1,1715),
  (1,18,9,24,1228,6.0,6,0,7,13,0,1,1528),
  (1,18,57,25,1202,6.0,6,0,8,14,0,0,1787),
  (1,18,2,26,1200,2.5,2,1,1,4,0,-2,2105),
  (1,18,22,27,1148,6.0,5,2,4,11,0,3,1376),
  (1,18,34,28,1139,2.0,2,0,2,4,0,0,1936),
  (1,18,28,29,1128,1.0,1,0,0,1,0,-1,2365),
  (1,18,40,30,1123,5.0,4,2,5,11,0,1,1513),
  (1,18,26,31,1074,5.0,5,0,4,9,0,1,1400),
  (1,18,16,32,1062,3.5,3,1,2,7,1,0,1343),
  (1,18,21,33,1058,3.5,3,1,5,9,0,-1,1576),
  (1,18,53,34,1054,2.0,2,0,0,3,1,0,1391),
  (1,18,54,35,1045,2.0,2,0,1,3,0,1,1900),
  (1,18,15,36,1043,6.0,4,4,9,18,1,1,1622),
  (1,18,42,37,1015,6.5,6,1,9,16,0,-2,1327),
  (1,18,12,38,998,0.0,0,0,1,1,0,-1,1696),
  (1,18,17,39,982,6.0,6,0,10,17,1,-2,1387),
  (1,18,52,40,982,1.0,1,0,0,1,0,-1,1908),
  (1,18,39,41,977,3.0,3,0,2,5,0,-1,1412),
  (1,18,13,42,957,1.0,1,0,0,1,0,1,2251),
  (1,18,5,43,955,2.0,2,0,0,2,0,0,1511),
  (1,18,29,44,907,1.0,1,0,0,1,0,1,1389),
  (1,18,19,45,893,5.5,5,1,9,15,0,3,1248),
  (1,18,24,46,886,1.0,1,0,0,1,0,-1,1708),
  (1,18,25,47,812,1.0,1,0,2,3,0,-1,934),
  (1,18,36,48,738,0.0,0,0,1,1,0,1,620),
  (1,18,10,49,728,3.5,3,1,9,13,0,1,1186),
  (1,18,1,50,716,3.0,2,2,7,11,0,-1,1120),
  (1,18,38,51,688,0.0,0,0,2,2,0,0,760),
  (1,18,23,52,515,2.0,2,0,10,12,0,-2,1019),
  (1,19,31,1,2503,8.5,8,1,1,11,1,2,2209),
  (1,19,8,2,1954,5.5,5,1,1,7,0,-1,2151),
  (1,19,41,3,1859,10.0,7,6,3,17,1,2,1880),
  (1,19,30,4,1823,6.5,4,5,1,10,0,0,1850),
  (1,19,33,5,1818,6.5,3,7,0,10,0,2,1816),
  (1,19,20,6,1774,9.0,7,4,4,15,0,-1,1736),
  (1,19,4,7,1732,9.0,6,6,4,16,0,0,1712),
  (1,19,37,8,1708,10.0,10,0,6,16,0,-2,1579),
  (1,19,45,9,1659,8.0,5,6,4,16,1,-1,1676),
  (1,19,7,10,1623,6.0,4,4,3,11,0,1,1831),
  (1,19,49,11,1600,6.5,5,3,3,12,1,-1,1643),
  (1,19,11,12,1584,6.0,3,6,3,12,0,0,1805),
  (1,19,35,13,1581,5.5,5,1,5,11,0,-1,1871),
  (1,19,59,14,1562,5.5,1,9,0,10,0,-2,1772),
  (1,19,47,15,1497,7.0,3,8,4,15,0,1,1775),
  (1,19,27,16,1432,6.0,4,4,5,13,0,1,1723),
  (1,19,18,17,1431,8.0,8,0,7,15,0,1,1448),
  (1,19,44,18,1414,1.5,1,1,0,2,0,2,2200),
  (1,19,55,19,1410,7.0,5,4,5,14,0,0,1556),
  (1,19,43,20,1393,6.5,4,5,5,14,0,0,1793),
  (1,19,6,21,1376,5.5,5,1,5,11,0,-1,1676),
  (1,19,48,22,1321,2.5,2,1,1,4,0,0,1962),
  (1,19,50,23,1310,5.5,4,3,6,14,1,-1,1715),
  (1,19,2,24,1293,2.5,2,1,1,4,0,-2,2105),
  (1,19,9,25,1271,6.0,6,0,7,13,0,1,1528),
  (1,19,57,26,1252,6.0,6,0,8,14,0,0,1787),
  (1,19,22,27,1204,6.0,5,2,4,11,0,3,1376),
  (1,19,54,28,1185,2.0,2,0,1,3,0,1,1900),
  (1,19,34,29,1180,2.0,2,0,2,4,0,0,1935),
  (1,19,28,30,1175,1.0,1,0,0,1,0,-1,2365),
  (1,19,40,31,1172,5.0,4,2,5,11,0,1,1513),
  (1,19,53,32,1131,2.0,2,0,0,3,1,0,1384),
  (1,19,26,33,1125,5.0,5,0,4,9,0,1,1401),
  (1,19,16,34,1116,3.5,3,1,2,7,1,0,1343),
  (1,19,21,35,1114,3.5,3,1,5,9,0,-1,1576),
  (1,19,15,36,1111,6.0,4,4,9,18,1,1,1622),
  (1,19,5,37,1103,3.0,3,0,0,3,0,-1,1537),
  (1,19,42,38,1076,7.0,6,2,9,17,0,-1,1328),
  (1,19,17,39,1076,6.0,6,0,10,18,2,-2,1386),
  (1,19,12,40,1050,0.0,0,0,1,1,0,-1,1696),
  (1,19,24,41,1042,2.0,2,0,0,2,0,0,1676),
  (1,19,52,42,1031,1.0,1,0,0,1,0,-1,1915),
  (1,19,39,43,1030,3.0,3,0,2,5,0,-1,1412),
  (1,19,13,44,1004,1.0,1,0,0,1,0,1,2251),
  (1,19,29,45,959,1.0,1,0,0,1,0,1,1389),
  (1,19,19,46,936,5.5,5,1,9,15,0,3,1249),
  (1,19,46,47,805,0.0,0,0,1,1,0,-1,1105),
  (1,19,25,48,805,1.0,1,0,3,4,0,-2,892),
  (1,19,38,49,804,1.0,1,0,2,3,0,1,967),
  (1,19,10,50,801,4.0,3,2,9,14,0,0,1194),
  (1,19,36,51,746,0.0,0,0,2,2,0,0,610),
  (1,19,1,52,736,3.0,2,2,8,12,0,0,1111),
  (1,19,23,53,639,3.0,3,0,10,13,0,-1,1047),
  (1,20,31,1,2482,8.5,8,1,2,12,1,1,2167),
  (1,20,8,2,1995,5.5,5,1,1,7,0,-1,2150),
  (1,20,30,3,1895,6.5,4,5,1,10,0,0,1849),
  (1,20,33,4,1878,7.0,3,8,0,11,0,1,1815),
  (1,20,41,5,1829,10.0,7,6,4,18,1,1,1861),
  (1,20,4,6,1814,9.0,6,6,4,16,0,0,1712),
  (1,20,20,7,1805,9.0,7,4,4,15,0,-1,1737),
  (1,20,45,8,1782,9.0,6,6,4,17,1,-2,1697),
  (1,20,37,9,1779,10.0,10,0,6,16,0,-2,1579),
  (1,20,35,10,1721,6.5,6,1,5,12,0,0,1899),
  (1,20,7,11,1689,6.0,4,4,3,11,0,1,1830),
  (1,20,11,12,1641,6.5,3,7,3,13,0,1,1796),
  (1,20,59,13,1593,5.5,1,9,0,10,0,-2,1772),
  (1,20,49,14,1575,6.5,5,3,4,13,1,0,1613),
  (1,20,47,15,1574,7.0,3,8,4,15,0,1,1774),
  (1,20,43,16,1501,7.5,5,5,5,15,0,1,1823),
  (1,20,18,17,1488,8.0,8,0,7,15,0,1,1448),
  (1,20,27,18,1468,6.5,4,5,5,14,0,0,1713),
  (1,20,44,19,1445,1.5,1,1,0,2,0,2,2201),
  (1,20,55,20,1427,7.0,5,4,5,14,0,0,1556),
  (1,20,6,21,1408,5.5,5,1,5,11,0,-1,1676),
  (1,20,48,22,1335,2.5,2,1,1,4,0,0,1960),
  (1,20,50,23,1325,5.5,4,3,6,14,1,-1,1716),
  (1,20,2,24,1316,2.5,2,1,1,4,0,-2,2104),
  (1,20,9,25,1282,6.0,6,0,7,13,0,1,1528),
  (1,20,5,26,1228,4.0,4,0,0,4,0,0,1577),
  (1,20,54,27,1227,2.0,2,0,1,3,0,1,1897),
  (1,20,57,28,1222,6.0,6,0,9,15,0,-1,1761),
  (1,20,22,29,1212,6.0,5,2,4,11,0,3,1376),
  (1,20,40,30,1207,5.5,4,3,5,12,0,2,1533),
  (1,20,28,31,1187,1.0,1,0,0,1,0,-1,2360),
  (1,20,34,32,1187,2.0,2,0,2,4,0,0,1932),
  (1,20,21,33,1170,3.5,3,1,5,9,0,-1,1577),
  (1,20,17,34,1155,7.0,7,0,10,19,2,-1,1399),
  (1,20,15,35,1153,6.5,4,5,9,19,1,0,1617),
  (1,20,53,36,1141,2.0,2,0,0,3,1,0,1383),
  (1,20,26,37,1134,5.0,5,0,4,9,0,1,1401),
  (1,20,16,38,1125,3.5,3,1,2,7,1,0,1343),
  (1,20,24,39,1105,2.5,2,1,0,3,0,1,1695),
  (1,20,12,40,1058,0.0,0,0,1,1,0,-1,1695),
  (1,20,52,41,1044,1.0,1,0,0,1,0,-1,1914),
  (1,20,42,42,1043,7.0,6,2,10,18,0,-2,1311),
  (1,20,39,43,1039,3.0,3,0,2,5,0,-1,1412),
  (1,20,58,44,1013,1.0,1,0,0,1,0,1,2359),
  (1,20,13,45,1009,1.0,1,0,0,1,0,1,2245),
  (1,20,29,46,967,1.0,1,0,0,1,0,1,1389),
  (1,20,19,47,949,5.5,5,1,9,15,0,3,1248),
  (1,20,32,48,922,1.0,1,0,0,1,0,-1,1470),
  (1,20,10,49,854,4.0,3,2,9,14,0,0,1194),
  (1,20,46,50,798,0.0,0,0,1,1,0,-1,1107),
  (1,20,38,51,795,1.0,1,0,3,4,0,0,916),
  (1,20,25,52,762,1.0,1,0,4,5,0,-1,898),
  (1,20,36,53,740,0.0,0,0,2,2,0,0,608),
  (1,20,23,54,731,4.0,4,0,10,14,0,0,1071),
  (1,20,1,55,702,3.0,2,2,9,13,0,-1,1107),
  (1,21,31,1,2496,8.5,8,1,3,13,1,0,2115),
  (1,21,8,2,2136,5.5,5,1,1,7,0,-1,2150),
  (1,21,30,3,2085,7.5,5,5,1,11,0,1,1865),
  (1,21,33,4,1988,7.5,3,9,0,12,0,2,1817),
  (1,21,41,5,1922,10.5,7,7,4,19,1,0,1853),
  (1,21,45,6,1908,9.0,6,6,4,17,1,-2,1697),
  (1,21,35,7,1885,7.5,7,1,5,13,0,1,1928),
  (1,21,4,8,1833,9.0,6,6,5,17,0,-1,1690),
  (1,21,20,9,1818,9.0,7,4,5,16,0,0,1712),
  (1,21,37,10,1779,10.0,10,0,7,17,0,-1,1556),
  (1,21,7,11,1764,6.0,4,4,3,11,0,1,1832),
  (1,21,11,12,1759,6.5,3,7,3,13,0,1,1797),
  (1,21,47,13,1690,7.0,3,8,4,15,0,1,1774),
  (1,21,59,14,1660,5.5,1,9,0,10,0,-2,1774),
  (1,21,43,15,1643,8.5,6,5,5,16,0,0,1854),
  (1,21,49,16,1623,6.5,5,3,4,13,1,0,1613),
  (1,21,55,17,1580,8.0,6,4,5,15,0,-1,1578),
  (1,21,6,18,1578,6.5,6,1,5,12,0,-2,1706),
  (1,21,27,19,1577,6.5,4,5,5,14,0,0,1713),
  (1,21,44,20,1500,1.5,1,1,0,2,0,2,2204),
  (1,21,18,21,1487,8.0,8,0,8,16,0,2,1430),
  (1,21,50,22,1418,5.5,4,3,6,14,1,-1,1716),
  (1,21,2,23,1351,2.5,2,1,1,4,0,-2,2107),
  (1,21,57,24,1341,7.0,7,0,9,16,0,0,1783),
  (1,21,48,25,1336,2.5,2,1,2,5,0,1,1848),
  (1,21,9,26,1317,6.0,6,0,7,13,0,1,1527),
  (1,21,5,27,1289,4.0,4,0,0,4,0,0,1576),
  (1,21,17,28,1275,8.0,8,0,10,20,2,0,1406),
  (1,21,28,29,1259,1.0,1,0,0,1,0,-1,2352),
  (1,21,24,30,1248,3.5,3,1,0,4,0,0,1740),
  (1,21,40,31,1242,5.5,4,3,5,12,0,2,1532),
  (1,21,12,32,1239,1.0,1,0,1,2,0,0,2031),
  (1,21,22,33,1238,6.0,5,2,4,11,0,3,1374),
  (1,21,54,34,1227,2.0,2,0,2,4,0,0,1811),
  (1,21,21,35,1218,3.5,3,1,5,9,0,-1,1577),
  (1,21,34,36,1214,2.0,2,0,2,4,0,0,1931),
  (1,21,15,37,1166,6.5,4,5,10,20,1,-1,1612),
  (1,21,26,38,1159,5.0,5,0,4,9,0,1,1401),
  (1,21,16,39,1150,3.5,3,1,2,7,1,0,1341),
  (1,21,53,40,1119,2.0,2,0,1,4,1,-1,1243),
  (1,21,42,41,1108,7.0,6,2,10,19,1,-2,1311),
  (1,21,58,42,1100,1.0,1,0,0,1,0,1,2352),
  (1,21,52,43,1074,1.0,1,0,0,1,0,-1,1908),
  (1,21,39,44,1063,3.0,3,0,2,5,0,-1,1410),
  (1,21,13,45,1027,1.0,1,0,0,1,0,1,2249),
  (1,21,32,46,1027,2.0,2,0,0,2,0,0,1523),
  (1,21,29,47,985,1.0,1,0,0,1,0,1,1389),
  (1,21,19,48,983,5.5,5,1,9,15,0,3,1248),
  (1,21,10,49,885,4.0,3,2,9,14,0,0,1193),
  (1,21,46,50,876,1.0,1,0,1,2,0,-2,1247),
  (1,21,38,51,803,1.0,1,0,3,4,0,0,915),
  (1,21,23,52,752,4.0,4,0,10,14,0,0,1071),
  (1,21,36,53,748,0.0,0,0,2,2,0,0,607),
  (1,21,25,54,725,1.0,1,0,5,6,0,0,882),
  (1,21,1,55,674,3.0,2,2,10,14,0,-2,1099),
  (1,22,31,1,2678,8.5,8,1,3,13,1,0,2115),
  (1,22,8,2,2345,5.5,5,1,1,7,0,-1,2150),
  (1,22,30,3,2328,8.5,6,5,1,12,0,0,1884),
  (1,22,33,4,2125,8.0,3,10,0,13,0,1,1811),
  (1,22,41,5,2111,10.5,7,7,4,20,2,0,1853),
  (1,22,35,6,2085,7.5,7,1,5,13,0,1,1928),
  (1,22,20,7,2025,10.0,8,4,5,17,0,-1,1731),
  (1,22,45,8,1968,9.0,6,6,5,18,1,-1,1672),
  (1,22,11,9,1884,6.5,3,7,3,13,0,1,1797),
  (1,22,7,10,1880,6.0,4,4,3,11,0,1,1833),
  (1,22,4,11,1877,9.0,6,6,6,18,0,-2,1672),
  (1,22,37,12,1811,10.0,10,0,8,18,0,0,1533),
  (1,22,43,13,1807,8.5,6,5,5,16,0,0,1856),
  (1,22,59,14,1770,5.5,1,9,0,10,0,-2,1775),
  (1,22,49,15,1767,6.5,5,3,4,13,1,0,1612),
  (1,22,27,16,1765,7.5,5,5,5,15,0,-1,1751),
  (1,22,47,17,1762,7.0,3,8,5,16,0,2,1747),
  (1,22,6,18,1700,6.5,6,1,5,12,0,-2,1707),
  (1,22,55,19,1692,8.0,6,4,5,15,0,-1,1577),
  (1,22,44,20,1639,1.5,1,1,0,2,0,2,2204),
  (1,22,50,21,1555,6.0,4,4,6,15,1,0,1716),
  (1,22,18,22,1515,8.0,8,0,9,17,0,1,1404),
  (1,22,24,23,1480,4.5,4,1,0,5,0,-1,1772),
  (1,22,5,24,1471,5.0,5,0,0,5,0,1,1640),
  (1,22,48,25,1451,2.5,2,1,2,5,0,1,1847),
  (1,22,57,26,1438,7.0,7,0,9,16,0,0,1783),
  (1,22,2,27,1437,2.5,2,1,1,4,0,-2,2107),
  (1,22,40,28,1402,6.5,5,3,5,13,0,1,1559),
  (1,22,9,29,1401,6.0,6,0,7,13,0,1,1525),
  (1,22,12,30,1379,1.0,1,0,1,2,0,0,2031),
  (1,22,15,31,1374,7.5,5,5,10,21,1,0,1633),
  (1,22,28,32,1344,1.0,1,0,0,1,0,-1,2352),
  (1,22,17,33,1311,8.0,8,0,11,21,2,1,1393),
  (1,22,22,34,1310,6.0,5,2,4,11,0,3,1373),
  (1,22,21,35,1304,3.5,3,1,5,9,0,-1,1577),
  (1,22,34,36,1290,2.0,2,0,2,4,0,0,1931),
  (1,22,54,37,1248,2.0,2,0,3,5,0,1,1717),
  (1,22,42,38,1239,8.0,7,2,10,20,1,-1,1322),
  (1,22,58,39,1227,1.0,1,0,0,1,0,1,2352),
  (1,22,26,40,1226,5.0,5,0,4,9,0,1,1400),
  (1,22,16,41,1215,3.5,3,1,2,7,1,0,1340),
  (1,22,32,42,1189,3.0,3,0,0,3,0,-1,1589),
  (1,22,53,43,1160,2.0,2,0,1,4,1,-1,1242),
  (1,22,52,44,1135,1.0,1,0,0,1,0,-1,1901),
  (1,22,39,45,1124,3.0,3,0,2,5,0,-1,1406),
  (1,22,13,46,1091,1.0,1,0,0,1,0,1,2249),
  (1,22,19,47,1044,5.5,5,1,9,15,0,3,1247),
  (1,22,29,48,1043,1.0,1,0,0,1,0,1,1389),
  (1,22,46,49,953,1.0,1,0,1,2,0,-2,1245),
  (1,22,10,50,911,4.0,3,2,10,15,0,1,1181),
  (1,22,36,51,865,1.0,1,0,2,3,0,1,861),
  (1,22,38,52,817,1.0,1,0,4,5,0,-1,890),
  (1,22,1,53,787,4.0,3,2,10,15,0,-1,1118),
  (1,22,23,54,764,4.0,4,0,11,15,0,-1,1060),
  (1,22,25,55,723,1.0,1,0,6,7,0,-1,839),
  (1,23,31,1,2756,8.5,8,1,3,13,1,0,2115),
  (1,23,8,2,2429,5.5,5,1,1,7,0,-1,2149),
  (1,23,30,3,2408,8.5,6,5,1,12,0,0,1885),
  (1,23,41,4,2277,11.5,8,7,4,21,2,-1,1868),
  (1,23,33,5,2184,8.0,3,10,0,13,0,1,1812),
  (1,23,20,6,2181,11.0,9,4,5,18,0,-2,1753),
  (1,23,35,7,2117,7.5,7,1,6,14,0,0,1891),
  (1,23,45,8,2094,10.0,7,6,5,19,1,0,1698),
  (1,23,11,9,2000,6.5,3,7,3,13,0,1,1798),
  (1,23,43,10,2000,9.5,7,5,5,17,0,1,1884),
  (1,23,4,11,1995,10.0,7,6,6,19,0,-1,1687),
  (1,23,7,12,1946,6.0,4,4,3,11,0,1,1832),
  (1,23,59,13,1823,5.5,1,9,0,10,0,-2,1776),
  (1,23,49,14,1813,6.5,5,3,4,13,1,0,1614),
  (1,23,37,15,1788,10.0,10,0,9,19,0,1,1507),
  (1,23,27,16,1783,7.5,5,5,6,16,0,0,1732),
  (1,23,47,17,1759,7.0,3,8,6,17,0,3,1720),
  (1,23,6,18,1758,6.5,6,1,5,12,0,-2,1709),
  (1,23,44,19,1706,1.5,1,1,0,2,0,2,2200),
  (1,23,55,20,1683,8.0,6,4,6,16,0,0,1563),
  (1,23,5,21,1654,6.0,6,0,0,6,0,0,1686),
  (1,23,18,22,1619,9.0,9,0,9,18,0,2,1420),
  (1,23,50,23,1568,6.0,4,4,7,16,1,-1,1686),
  (1,23,57,24,1546,7.0,7,0,9,16,0,0,1784),
  (1,23,15,25,1534,8.5,6,5,10,22,1,-1,1651),
  (1,23,24,26,1525,4.5,4,1,1,6,0,-2,1683),
  (1,23,48,27,1506,2.5,2,1,2,5,0,1,1847),
  (1,23,2,28,1481,2.5,2,1,1,4,0,-2,2106),
  (1,23,40,29,1461,6.5,5,3,5,13,0,1,1560),
  (1,23,12,30,1446,1.0,1,0,1,2,0,0,2031),
  (1,23,9,31,1438,6.0,6,0,7,13,0,1,1526),
  (1,23,17,32,1409,9.0,9,0,11,22,2,0,1405),
  (1,23,28,33,1385,1.0,1,0,0,1,0,-1,2352),
  (1,23,34,34,1370,2.0,2,0,2,4,0,0,1931),
  (1,23,22,35,1352,6.0,5,2,4,11,0,3,1372),
  (1,23,21,36,1346,3.5,3,1,5,9,0,-1,1577),
  (1,23,32,37,1342,4.0,4,0,0,4,0,-2,1563),
  (1,23,58,38,1289,1.0,1,0,0,1,0,1,2352),
  (1,23,26,39,1263,5.0,5,0,4,9,0,1,1398),
  (1,23,54,40,1262,2.0,2,0,3,5,0,1,1711),
  (1,23,16,41,1249,3.5,3,1,2,7,1,0,1340),
  (1,23,42,42,1234,8.0,7,2,11,21,1,-2,1311),
  (1,23,52,43,1164,1.0,1,0,0,1,0,-1,1894),
  (1,23,39,44,1158,3.0,3,0,2,5,0,-1,1406),
  (1,23,53,45,1145,2.0,2,0,2,5,1,0,1167),
  (1,23,13,46,1126,1.0,1,0,0,1,0,1,2249),
  (1,23,29,47,1075,1.0,1,0,0,1,0,1,1389),
  (1,23,19,48,1069,5.5,5,1,9,15,0,3,1246),
  (1,23,36,49,986,2.0,2,0,2,4,0,0,985),
  (1,23,46,50,956,1.0,1,0,2,3,0,-1,1184),
  (1,23,10,51,938,4.0,3,2,10,15,0,1,1180),
  (1,23,38,52,840,1.0,1,0,4,5,0,-1,890),
  (1,23,1,53,828,4.0,3,2,10,15,0,-1,1118),
  (1,23,23,54,789,4.0,4,0,11,15,0,-1,1059),
  (1,23,25,55,704,1.0,1,0,7,8,0,0,810),
  (1,24,31,1,2847,8.5,8,1,3,13,1,0,2115),
  (1,24,30,2,2577,9.5,7,5,1,13,0,1,1892),
  (1,24,8,3,2572,5.5,5,1,1,7,0,-1,2149),
  (1,24,41,4,2383,11.5,8,7,4,21,2,-1,1868),
  (1,24,20,5,2352,12.0,10,4,5,19,0,-1,1771),
  (1,24,33,6,2290,8.5,3,11,0,14,0,2,1801),
  (1,24,45,7,2201,10.5,7,7,5,20,1,-1,1699),
  (1,24,35,8,2194,7.5,7,1,6,14,0,0,1890),
  (1,24,43,9,2140,10.0,7,6,5,18,0,2,1878),
  (1,24,11,10,2124,7.0,3,8,3,14,0,0,1800),
  (1,24,4,11,2071,10.0,7,6,6,19,0,-1,1687),
  (1,24,7,12,2023,6.0,4,4,3,11,0,1,1832),
  (1,24,37,13,1951,11.0,11,0,9,20,0,2,1533),
  (1,24,6,14,1943,7.5,7,1,5,13,0,-1,1743),
  (1,24,59,15,1912,6.0,1,10,0,11,0,-1,1786),
  (1,24,47,16,1902,8.0,4,8,6,18,0,2,1743),
  (1,24,49,17,1827,6.5,5,3,5,14,1,-1,1575),
  (1,24,44,18,1825,1.5,1,1,0,2,0,2,2200),
  (1,24,27,19,1800,7.5,5,5,7,17,0,-1,1709),
  (1,24,5,20,1763,6.0,6,0,0,6,0,0,1686),
  (1,24,55,21,1687,8.0,6,4,7,17,0,-1,1550),
  (1,24,57,22,1658,7.5,7,1,9,17,0,-1,1782),
  (1,24,18,23,1640,9.0,9,0,10,19,0,1,1408),
  (1,24,24,24,1632,4.5,4,1,1,7,1,-2,1683),
  (1,24,40,25,1629,7.5,6,3,5,14,0,2,1581),
  (1,24,50,26,1626,6.0,4,4,7,16,1,-1,1685),
  (1,24,48,27,1613,2.5,2,1,2,5,0,1,1848),
  (1,24,2,28,1592,2.5,2,1,1,4,0,-2,2106),
  (1,24,15,29,1570,8.5,6,5,11,23,1,0,1636),
  (1,24,12,30,1561,1.0,1,0,1,2,0,0,2031),
  (1,24,32,31,1525,5.0,5,0,0,5,0,-1,1590),
  (1,24,9,32,1496,6.0,6,0,7,13,0,1,1525),
  (1,24,17,33,1478,9.0,9,0,11,22,2,0,1404),
  (1,24,34,34,1452,2.0,2,0,2,4,0,0,1931),
  (1,24,28,35,1442,1.0,1,0,0,1,0,-1,2352),
  (1,24,22,36,1412,6.0,5,2,4,11,0,3,1372),
  (1,24,58,37,1399,1.0,1,0,0,1,0,1,2352),
  (1,24,21,38,1366,3.5,3,1,6,10,0,-2,1549),
  (1,24,26,39,1322,5.0,5,0,4,9,0,1,1398),
  (1,24,54,40,1309,2.0,2,0,3,5,0,1,1710),
  (1,24,16,41,1308,3.5,3,1,2,7,1,0,1338),
  (1,24,42,42,1249,8.0,7,2,12,22,1,-3,1297),
  (1,24,39,43,1216,3.0,3,0,2,5,0,-1,1406),
  (1,24,52,44,1213,1.0,1,0,0,1,0,-1,1903),
  (1,24,13,45,1185,1.0,1,0,0,1,0,1,2247),
  (1,24,53,46,1185,2.0,2,0,2,5,1,0,1170),
  (1,24,29,47,1132,1.0,1,0,0,1,0,1,1389),
  (1,24,19,48,1126,5.5,5,1,9,15,0,3,1245),
  (1,24,36,49,1109,2.0,2,0,2,5,1,0,987),
  (1,24,46,50,997,1.0,1,0,2,3,0,-1,1186),
  (1,24,10,51,993,4.0,3,2,10,15,0,1,1181),
  (1,24,1,52,877,4.0,3,2,10,15,0,-1,1118),
  (1,24,38,53,859,1.0,1,0,5,6,0,0,839),
  (1,24,23,54,838,4.0,4,0,11,15,0,-1,1059),
  (1,24,25,55,813,2.0,2,0,7,9,0,-1,873),
  (1,25,31,1,2918,8.5,8,1,3,13,1,0,2114),
  (1,25,8,2,2661,6.0,5,2,1,8,0,0,2148),
  (1,25,30,3,2590,9.5,7,5,2,14,0,0,1868),
  (1,25,41,4,2476,12.0,8,8,4,22,2,0,1859),
  (1,25,20,5,2451,12.5,10,5,5,20,0,-2,1776),
  (1,25,35,6,2367,8.5,8,1,6,15,0,1,1905),
  (1,25,33,7,2349,8.5,3,11,0,14,0,2,1802),
  (1,25,45,8,2274,11.0,7,8,5,21,1,0,1705),
  (1,25,11,9,2212,7.5,3,9,3,15,0,-1,1790),
  (1,25,43,10,2148,10.0,7,6,6,19,0,1,1850),
  (1,25,6,11,2127,8.5,8,1,5,14,0,0,1779),
  (1,25,4,12,2111,10.0,7,6,6,19,0,-1,1688),
  (1,25,7,13,2066,6.0,4,4,3,11,0,1,1832),
  (1,25,47,14,2047,9.0,5,8,6,19,0,1,1754),
  (1,25,59,15,1963,6.0,1,10,0,11,0,-1,1784),
  (1,25,37,16,1937,11.0,11,0,10,21,0,1,1521),
  (1,25,44,17,1884,1.5,1,1,0,2,0,2,2201),
  (1,25,27,18,1828,7.5,5,5,7,17,0,-1,1710),
  (1,25,55,19,1802,9.0,7,4,7,18,0,0,1567),
  (1,25,5,20,1800,6.0,6,0,0,6,0,0,1685),
  (1,25,49,21,1796,6.5,5,3,6,15,1,0,1558),
  (1,25,15,22,1709,9.5,7,5,11,24,1,-1,1653),
  (1,25,57,23,1696,7.5,7,1,9,17,0,-1,1782),
  (1,25,40,24,1665,7.5,6,3,5,14,0,2,1581),
  (1,25,48,25,1664,2.5,2,1,2,5,0,1,1847),
  (1,25,50,26,1647,6.0,4,4,7,16,1,-1,1686),
  (1,25,2,27,1643,2.5,2,1,1,4,0,-2,2106),
  (1,25,24,28,1624,4.5,4,1,2,8,1,-1,1631),
  (1,25,12,29,1613,1.0,1,0,1,2,0,0,2031),
  (1,25,18,30,1608,9.0,9,0,11,20,0,0,1399),
  (1,25,17,31,1581,10.0,10,0,11,23,2,-1,1424),
  (1,25,32,32,1541,5.0,5,0,1,6,0,0,1508),
  (1,25,9,33,1509,6.0,6,0,7,13,0,1,1526),
  (1,25,58,34,1495,1.5,1,1,0,2,0,0,2227),
  (1,25,21,35,1494,4.5,4,1,6,11,0,-1,1581),
  (1,25,34,36,1488,2.0,2,0,2,4,0,0,1930),
  (1,25,28,37,1465,1.0,1,0,0,1,0,-1,2352),
  (1,25,22,38,1433,6.0,5,2,4,11,0,3,1373),
  (1,25,26,39,1335,5.0,5,0,4,9,0,1,1399),
  (1,25,54,40,1331,2.0,2,0,3,5,0,1,1712),
  (1,25,16,41,1323,3.5,3,1,2,7,1,0,1339),
  (1,25,42,42,1257,8.0,7,2,12,22,1,-3,1296),
  (1,25,52,43,1232,1.0,1,0,0,1,0,-1,1899),
  (1,25,39,44,1231,3.0,3,0,2,5,0,-1,1406),
  (1,25,13,45,1205,1.0,1,0,0,1,0,1,2247),
  (1,25,53,46,1200,2.0,2,0,2,5,1,0,1169),
  (1,25,36,47,1154,2.0,2,0,2,5,1,0,987),
  (1,25,29,48,1147,1.0,1,0,0,1,0,1,1389),
  (1,25,19,49,1139,5.5,5,1,9,15,0,3,1246),
  (1,25,10,50,1007,4.0,3,2,10,15,0,1,1181),
  (1,25,46,51,972,1.0,1,0,3,4,0,0,1084),
  (1,25,1,52,965,5.0,4,2,10,16,0,-2,1148),
  (1,25,25,53,871,2.0,2,0,7,10,1,-1,873),
  (1,25,38,54,864,1.0,1,0,5,6,0,0,840),
  (1,25,23,55,850,4.0,4,0,11,15,0,-1,1060),
  (1,26,31,1,3103,9.5,9,1,3,14,1,-1,2121),
  (1,26,30,2,2759,10.5,8,5,2,15,0,-1,1880),
  (1,26,8,3,2742,6.0,5,2,1,8,0,0,2148),
  (1,26,41,4,2485,12.0,8,8,5,23,2,1,1847),
  (1,26,20,5,2471,12.5,10,5,6,21,0,-1,1756),
  (1,26,11,6,2399,8.5,4,9,3,16,0,0,1824),
  (1,26,35,7,2398,8.5,8,1,7,16,0,0,1875),
  (1,26,33,8,2353,8.5,3,11,1,15,0,1,1773),
  (1,26,45,9,2271,11.0,7,8,6,22,1,-1,1687),
  (1,26,43,10,2228,10.5,7,7,6,20,0,0,1844),
  (1,26,6,11,2220,8.5,8,1,5,14,0,0,1780),
  (1,26,4,12,2164,10.0,7,6,6,19,0,-1,1688),
  (1,26,47,13,2154,9.5,5,9,6,20,0,2,1758),
  (1,26,7,14,2122,6.0,4,4,3,11,0,1,1833),
  (1,26,59,15,2010,6.0,1,10,0,11,0,-1,1786),
  (1,26,27,16,1998,8.5,6,5,7,18,0,0,1732),
  (1,26,37,17,1960,11.0,11,0,10,21,0,1,1520),
  (1,26,44,18,1942,1.5,1,1,0,2,0,2,2198),
  (1,26,15,19,1889,10.5,8,5,11,25,1,0,1670),
  (1,26,55,20,1856,9.0,7,4,7,18,0,0,1568),
  (1,26,57,21,1844,8.5,8,1,9,18,0,0,1812),
  (1,26,50,22,1794,7.0,5,4,7,17,1,0,1706),
  (1,26,5,23,1784,6.0,6,0,1,7,0,-1,1601),
  (1,26,49,24,1767,6.5,5,3,7,16,1,-1,1544),
  (1,26,17,25,1720,11.0,11,0,11,24,2,0,1442),
  (1,26,40,26,1697,7.5,6,3,5,14,0,2,1581),
  (1,26,2,27,1690,2.5,2,1,1,4,0,-2,2108),
  (1,26,48,28,1674,2.5,2,1,3,6,0,0,1781),
  (1,26,21,29,1664,5.5,5,1,6,12,0,-2,1612),
  (1,26,12,30,1659,1.0,1,0,1,2,0,0,2034),
  (1,26,18,31,1637,9.0,9,0,11,20,0,0,1398),
  (1,26,24,32,1592,4.5,4,1,3,9,1,0,1588),
  (1,26,32,33,1573,5.0,5,0,1,6,0,0,1509),
  (1,26,58,34,1561,1.5,1,1,0,2,0,0,2229),
  (1,26,9,35,1538,6.0,6,0,7,13,0,1,1525),
  (1,26,34,36,1527,2.0,2,0,2,4,0,0,1935),
  (1,26,28,37,1496,1.0,1,0,0,1,0,-1,2356),
  (1,26,22,38,1462,6.0,5,2,4,11,0,3,1372),
  (1,26,16,39,1417,4.5,4,1,2,8,1,-1,1373),
  (1,26,54,40,1366,2.0,2,0,3,5,0,1,1714),
  (1,26,26,41,1362,5.0,5,0,4,9,0,1,1399),
  (1,26,39,42,1260,3.0,3,0,2,5,0,-1,1408),
  (1,26,52,43,1257,1.0,1,0,0,1,0,-1,1899),
  (1,26,42,44,1241,8.0,7,2,13,23,1,-4,1273),
  (1,26,13,45,1233,1.0,1,0,0,1,0,1,2254),
  (1,26,53,46,1228,2.0,2,0,2,5,1,0,1170),
  (1,26,36,47,1195,2.0,2,0,2,5,1,0,987),
  (1,26,29,48,1171,1.0,1,0,0,1,0,1,1389),
  (1,26,19,49,1160,5.5,5,1,9,15,0,3,1246),
  (1,26,1,50,1087,6.0,5,2,10,17,0,-1,1181),
  (1,26,10,51,1038,4.0,3,2,10,15,0,1,1182),
  (1,26,46,52,947,1.0,1,0,4,5,0,1,1037),
  (1,26,25,53,908,2.0,2,0,7,10,1,-1,873),
  (1,26,23,54,879,4.0,4,0,11,15,0,-1,1060),
  (1,27,31,1,3205,9.5,9,1,3,14,1,-1,2121),
  (1,27,30,2,2853,10.5,8,5,2,15,0,-1,1880),
  (1,27,8,3,2755,6.0,5,2,1,8,0,0,2148),
  (1,27,41,4,2540,12.5,8,9,5,24,2,2,1845),
  (1,27,11,5,2488,9.0,4,10,3,17,0,-1,1825),
  (1,27,35,6,2482,8.5,8,1,7,16,0,0,1876),
  (1,27,20,7,2430,12.5,10,5,7,22,0,0,1737),
  (1,27,33,8,2405,8.5,3,11,1,15,0,1,1773),
  (1,27,43,9,2373,11.5,8,7,6,21,0,-1,1854),
  (1,27,6,10,2316,8.5,8,1,5,14,0,0,1780),
  (1,27,4,11,2274,11.0,8,6,6,20,0,-2,1698),
  (1,27,45,12,2227,11.0,7,8,7,23,1,0,1676),
  (1,27,47,13,2211,10.0,5,10,6,21,0,1,1751),
  (1,27,7,14,2200,6.0,4,4,3,11,0,1,1834),
  (1,27,27,15,2092,8.5,6,5,7,19,1,0,1732),
  (1,27,15,16,2044,11.5,9,5,11,26,1,-1,1686),
  (1,27,59,17,2035,6.0,1,10,0,11,0,-1,1786),
  (1,27,55,18,1970,10.0,8,4,7,19,0,-1,1584),
  (1,27,44,19,1960,1.5,1,1,0,2,0,2,2198),
  (1,27,37,20,1924,11.0,11,0,11,22,0,2,1508),
  (1,27,57,21,1923,9.0,8,2,9,19,0,-1,1809),
  (1,27,50,22,1881,7.5,5,5,7,18,1,1,1716),
  (1,27,49,23,1794,7.0,5,4,7,17,1,0,1555),
  (1,27,40,24,1741,8.0,6,4,5,15,0,1,1568),
  (1,27,5,25,1740,6.0,6,0,2,8,0,0,1547),
  (1,27,18,26,1732,10.0,10,0,11,21,0,-1,1408),
  (1,27,12,27,1731,1.0,1,0,1,2,0,0,2034),
  (1,27,21,28,1728,5.5,5,1,6,12,0,-2,1612),
  (1,27,48,29,1724,2.5,2,1,3,6,0,0,1782),
  (1,27,2,30,1716,2.5,2,1,1,4,0,-2,2107),
  (1,27,17,31,1710,11.0,11,0,12,25,2,1,1432),
  (1,27,24,32,1683,5.5,5,1,3,10,1,-1,1614),
  (1,27,32,33,1623,5.5,5,1,1,7,0,1,1523),
  (1,27,58,34,1598,1.5,1,1,0,2,0,0,2229),
  (1,27,34,35,1560,2.0,2,0,2,4,0,0,1935),
  (1,27,9,36,1557,6.0,6,0,7,13,0,1,1525),
  (1,27,28,37,1519,1.0,1,0,0,1,0,-1,2356),
  (1,27,22,38,1485,6.0,5,2,4,11,0,3,1373),
  (1,27,16,39,1469,4.5,4,1,2,8,1,-1,1374),
  (1,27,54,40,1397,2.0,2,0,3,5,0,1,1714),
  (1,27,26,41,1351,5.0,5,0,5,10,0,0,1347),
  (1,27,42,42,1350,9.0,8,2,13,24,1,-3,1297),
  (1,27,39,43,1292,3.0,3,0,2,5,0,-1,1407),
  (1,27,52,44,1279,1.0,1,0,0,1,0,-1,1895),
  (1,27,13,45,1263,1.0,1,0,0,1,0,1,2252),
  (1,27,53,46,1256,2.0,2,0,2,5,1,0,1170),
  (1,27,36,47,1230,2.0,2,0,2,5,1,0,987),
  (1,27,29,48,1197,1.0,1,0,0,1,0,1,1389),
  (1,27,19,49,1188,5.5,5,1,9,15,0,3,1247),
  (1,27,1,50,1092,6.0,5,2,11,18,0,0,1174),
  (1,27,10,51,1075,4.0,3,2,10,15,0,1,1181),
  (1,27,46,52,960,1.0,1,0,4,5,0,1,1036),
  (1,27,25,53,943,2.0,2,0,7,10,1,-1,873),
  (1,27,23,54,915,4.0,4,0,11,15,0,-1,1060),
  (1,28,31,1,3333,9.5,9,1,3,14,1,-1,2120),
  (1,28,30,2,2921,11.0,8,6,2,16,0,0,1877),
  (1,28,8,3,2840,6.0,5,2,1,8,0,0,2148),
  (1,28,35,4,2635,9.5,9,1,7,17,0,-1,1897),
  (1,28,41,5,2594,12.5,8,9,5,24,2,2,1845),
  (1,28,11,6,2586,9.5,4,11,3,18,0,-2,1820),
  (1,28,33,7,2552,9.5,4,11,1,16,0,2,1793),
  (1,28,4,8,2422,12.0,9,6,6,21,0,-1,1718),
  (1,28,20,9,2396,12.5,10,5,8,23,0,-1,1720),
  (1,28,6,10,2390,9.0,8,2,5,15,0,1,1788),
  (1,28,43,11,2377,11.5,8,7,7,22,0,0,1831),
  (1,28,45,12,2334,12.0,8,8,7,24,1,-1,1693),
  (1,28,27,13,2263,9.5,7,5,7,20,1,-1,1757),
  (1,28,7,14,2260,6.0,4,4,3,11,0,1,1834),
  (1,28,47,15,2209,10.0,5,10,7,22,0,0,1728),
  (1,28,55,16,2093,11.0,9,4,7,20,0,0,1603),
  (1,28,59,17,2070,6.0,1,10,0,11,0,-1,1787),
  (1,28,15,18,2045,11.5,9,5,12,27,1,-2,1673),
  (1,28,50,19,2036,8.5,6,5,7,19,1,2,1737),
  (1,28,44,20,2032,1.5,1,1,0,2,0,2,2200),
  (1,28,37,21,1947,11.0,11,0,11,22,0,2,1507),
  (1,28,57,22,1932,9.0,8,2,10,20,0,0,1795),
  (1,28,49,23,1823,7.0,5,4,7,17,1,0,1555),
  (1,28,48,24,1798,3.0,2,2,3,7,0,-1,1772),
  (1,28,40,25,1782,8.0,6,4,5,15,0,1,1568),
  (1,28,12,26,1781,1.0,1,0,1,2,0,0,2034),
  (1,28,18,27,1774,10.0,10,0,11,21,0,-1,1407),
  (1,28,2,28,1747,2.5,2,1,1,4,0,-2,2106),
  (1,28,32,29,1740,6.5,6,1,1,8,0,0,1560),
  (1,28,17,30,1739,11.0,11,0,12,25,2,1,1432),
  (1,28,21,31,1724,5.5,5,1,7,13,0,-1,1587),
  (1,28,5,32,1703,6.0,6,0,3,9,0,1,1475),
  (1,28,24,33,1690,5.5,5,1,4,11,1,-2,1571),
  (1,28,58,34,1674,1.5,1,1,0,2,0,0,2229),
  (1,28,34,35,1593,2.0,2,0,2,4,0,0,1933),
  (1,28,9,36,1591,6.0,6,0,7,13,0,1,1526),
  (1,28,16,37,1584,5.5,5,1,2,9,1,-2,1413),
  (1,28,28,38,1547,1.0,1,0,0,1,0,-1,2356),
  (1,28,22,39,1518,6.0,5,2,4,11,0,3,1372),
  (1,28,54,40,1430,2.0,2,0,3,5,0,1,1715),
  (1,28,42,41,1352,9.0,8,2,14,25,1,-2,1277),
  (1,28,26,42,1334,5.0,5,0,6,11,0,1,1318),
  (1,28,39,43,1323,3.0,3,0,2,5,0,-1,1409),
  (1,28,52,44,1302,1.0,1,0,0,1,0,-1,1894),
  (1,28,13,45,1295,1.0,1,0,0,1,0,1,2248),
  (1,28,53,46,1286,2.0,2,0,2,5,1,0,1170),
  (1,28,36,47,1263,2.0,2,0,2,5,1,0,987),
  (1,28,29,48,1226,1.0,1,0,0,1,0,1,1389),
  (1,28,19,49,1220,5.5,5,1,9,15,0,3,1247),
  (1,28,10,50,1206,5.0,4,2,10,16,0,0,1220),
  (1,28,56,51,1170,1.0,1,0,0,1,0,1,1585),
  (1,28,1,52,1087,6.0,5,2,12,19,0,-1,1151),
  (1,28,23,53,1020,5.0,5,0,11,16,0,0,1092),
  (1,28,25,54,976,2.0,2,0,7,10,1,-1,872),
  (1,28,46,55,950,1.0,1,0,5,6,0,0,961),
  (1,29,31,1,3507,10.5,10,1,3,15,1,0,2123),
  (1,29,30,2,2895,11.0,8,6,3,17,0,-1,1859),
  (1,29,8,3,2882,6.0,5,2,1,8,0,0,2149),
  (1,29,35,4,2802,10.5,10,1,7,18,0,0,1911),
  (1,29,41,5,2743,13.5,9,9,5,25,2,1,1854),
  (1,29,11,6,2727,10.5,5,11,3,19,0,-1,1836),
  (1,29,33,7,2608,9.5,4,11,1,16,0,2,1792),
  (1,29,43,8,2512,12.5,9,7,7,23,0,1,1841),
  (1,29,4,9,2418,12.0,9,6,7,22,0,0,1704),
  (1,29,45,10,2380,12.0,8,8,7,24,1,-1,1693),
  (1,29,6,11,2379,9.0,8,2,6,16,0,0,1772),
  (1,29,20,12,2362,12.5,10,5,9,24,0,-2,1707),
  (1,29,7,13,2300,6.0,4,4,3,11,0,1,1835),
  (1,29,27,14,2273,9.5,7,5,8,21,1,0,1744),
  (1,29,47,15,2241,10.0,5,10,7,22,0,0,1727),
  (1,29,50,16,2169,9.5,7,5,7,20,1,1,1747),
  (1,29,55,17,2137,11.0,9,4,7,20,0,0,1602),
  (1,29,59,18,2104,6.0,1,10,0,11,0,-1,1787),
  (1,29,44,19,2080,1.5,1,1,0,2,0,2,2202),
  (1,29,57,20,2072,10.0,9,2,10,21,0,-1,1812),
  (1,29,15,21,2034,11.5,9,5,13,28,1,-3,1665),
  (1,29,37,22,1977,11.0,11,0,11,22,0,2,1507),
  (1,29,18,23,1901,11.0,11,0,11,22,0,0,1426),
  (1,29,40,24,1884,9.0,7,4,5,16,0,0,1582),
  (1,29,49,25,1852,7.0,5,4,7,17,1,0,1555),
  (1,29,48,26,1845,3.0,2,2,3,7,0,-1,1775),
  (1,29,12,27,1819,1.0,1,0,1,2,0,0,2035),
  (1,29,5,28,1784,7.0,7,0,3,10,0,0,1496),
  (1,29,17,29,1775,11.0,11,0,12,25,2,1,1432),
  (1,29,2,30,1772,2.5,2,1,1,4,0,-2,2107),
  (1,29,32,31,1753,6.5,6,1,2,9,0,-1,1505),
  (1,29,21,32,1739,5.5,5,1,7,13,0,-1,1586),
  (1,29,58,33,1724,1.5,1,1,0,2,0,0,2230),
  (1,29,24,34,1703,5.5,5,1,4,11,1,-2,1571),
  (1,29,22,35,1639,7.0,6,2,4,12,0,2,1393),
  (1,29,34,36,1623,2.0,2,0,2,4,0,0,1937),
  (1,29,16,37,1606,5.5,5,1,3,10,1,-1,1362),
  (1,29,9,38,1584,6.0,6,0,8,14,0,2,1514),
  (1,29,28,39,1576,1.0,1,0,0,1,0,-1,2359),
  (1,29,54,40,1456,2.0,2,0,3,5,0,1,1716),
  (1,29,39,41,1361,3.0,3,0,2,5,0,-1,1410),
  (1,29,42,42,1351,9.0,8,2,15,26,1,-1,1267),
  (1,29,52,43,1328,1.0,1,0,0,1,0,-1,1894),
  (1,29,13,44,1324,1.0,1,0,0,1,0,1,2252),
  (1,29,26,45,1322,5.0,5,0,7,12,0,2,1307),
  (1,29,53,46,1318,2.0,2,0,2,5,1,0,1170),
  (1,29,36,47,1296,2.0,2,0,2,5,1,0,987),
  (1,29,19,48,1262,5.5,5,1,9,15,0,3,1247),
  (1,29,10,49,1259,5.0,4,2,10,16,0,0,1219),
  (1,29,29,50,1257,1.0,1,0,0,1,0,1,1389),
  (1,29,56,51,1229,1.0,1,0,0,1,0,1,1585),
  (1,29,1,52,1109,6.0,5,2,12,19,0,-1,1150),
  (1,29,23,53,1066,5.0,5,0,11,16,0,0,1092),
  (1,29,25,54,1009,2.0,2,0,7,10,1,-1,872),
  (1,29,46,55,968,1.0,1,0,5,6,0,0,960),
  (1,30,31,1,3494,10.5,10,1,4,16,1,-1,2085),
  (1,30,35,2,2999,11.5,11,1,7,19,0,1,1935),
  (1,30,30,3,2903,11.5,8,7,3,18,0,0,1858),
  (1,30,8,4,2893,6.0,5,2,1,8,0,0,2149),
  (1,30,11,5,2849,11.5,6,11,3,20,0,-2,1860),
  (1,30,41,6,2801,14.0,9,10,5,26,2,0,1849),
  (1,30,43,7,2643,13.5,10,7,7,24,0,0,1853),
  (1,30,33,8,2616,9.5,4,11,1,16,0,2,1792),
  (1,30,6,9,2485,10.0,9,2,6,17,0,1,1787),
  (1,30,20,10,2451,13.5,11,5,9,25,0,-1,1713),
  (1,30,45,11,2401,12.0,8,8,7,24,1,-1,1692),
  (1,30,4,12,2369,12.0,9,6,8,23,0,-1,1690),
  (1,30,7,13,2322,6.0,4,4,3,11,0,1,1835),
  (1,30,27,14,2285,9.5,7,5,8,21,1,0,1745),
  (1,30,47,15,2270,10.5,5,11,7,23,0,-1,1725),
  (1,30,50,16,2202,9.5,7,5,7,20,1,1,1747),
  (1,30,55,17,2159,11.0,9,4,7,20,0,0,1602),
  (1,30,59,18,2120,6.0,1,10,0,11,0,-1,1788),
  (1,30,57,19,2108,10.0,9,2,10,21,0,-1,1813),
  (1,30,44,20,2106,1.5,1,1,0,2,0,2,2205),
  (1,30,18,21,2035,12.0,12,0,11,23,0,-1,1451),
  (1,30,15,22,1993,11.5,9,5,14,29,1,-2,1657),
  (1,30,37,23,1963,11.0,11,0,12,23,0,1,1497),
  (1,30,5,24,1921,8.0,8,0,3,11,0,-1,1542),
  (1,30,17,25,1896,12.0,12,0,12,26,2,0,1441),
  (1,30,40,26,1877,9.0,7,4,6,17,0,1,1548),
  (1,30,12,27,1846,1.0,1,0,1,2,0,0,2031),
  (1,30,49,28,1831,7.0,5,4,8,18,1,1,1526),
  (1,30,48,29,1830,3.0,2,2,4,8,0,0,1730),
  (1,30,24,30,1798,6.5,6,1,4,12,1,-1,1583),
  (1,30,2,31,1796,2.5,2,1,1,4,0,-2,2107),
  (1,30,21,32,1782,6.0,5,2,7,14,0,0,1595),
  (1,30,32,33,1776,6.5,6,1,2,9,0,-1,1504),
  (1,30,58,34,1757,1.5,1,1,0,2,0,0,2227),
  (1,30,22,35,1696,7.0,6,2,4,12,0,2,1393),
  (1,30,34,36,1653,2.0,2,0,2,4,0,0,1937),
  (1,30,9,37,1604,6.0,6,0,8,14,0,2,1512),
  (1,30,28,38,1603,1.0,1,0,0,1,0,-1,2352),
  (1,30,16,39,1592,5.5,5,1,4,11,1,0,1335),
  (1,30,54,40,1485,2.0,2,0,3,5,0,1,1718),
  (1,30,39,41,1398,3.0,3,0,2,5,0,-1,1410),
  (1,30,13,42,1359,1.0,1,0,0,1,0,1,2252),
  (1,30,52,43,1356,1.0,1,0,0,1,0,-1,1891),
  (1,30,53,44,1351,2.0,2,0,2,5,1,0,1170),
  (1,30,42,45,1348,9.0,8,2,16,27,1,-2,1263),
  (1,30,26,46,1344,5.0,5,0,7,12,0,2,1304),
  (1,30,36,47,1332,2.0,2,0,2,5,1,0,987),
  (1,30,19,48,1301,5.5,5,1,9,15,0,3,1247),
  (1,30,29,49,1291,1.0,1,0,0,1,0,1,1389),
  (1,30,56,50,1275,1.0,1,0,0,1,0,1,1585),
  (1,30,10,51,1262,5.0,4,2,11,17,0,-1,1193),
  (1,30,23,52,1182,6.0,6,0,11,17,0,1,1130),
  (1,30,1,53,1142,6.0,5,2,12,19,0,-1,1152),
  (1,30,25,54,1047,2.0,2,0,7,10,1,-1,873),
  (1,30,46,55,1034,1.0,1,0,5,7,1,0,960),
  (1,31,31,1,3581,10.5,10,1,4,16,1,-1,2084),
  (1,31,35,2,3066,11.5,11,1,8,20,0,0,1910),
  (1,31,41,3,2997,15.0,10,10,5,27,2,1,1868),
  (1,31,30,4,2981,12.0,8,8,3,19,0,-1,1851),
  (1,31,11,5,2973,12.0,6,12,3,21,0,-1,1857),
  (1,31,8,6,2968,6.0,5,2,1,8,0,0,2148),
  (1,31,43,7,2764,14.0,10,8,7,25,0,-1,1851),
  (1,31,33,8,2698,10.0,4,12,1,17,0,1,1786),
  (1,31,20,9,2614,14.5,12,5,9,26,0,-2,1724),
  (1,31,6,10,2569,10.0,9,2,6,17,0,1,1787),
  (1,31,45,11,2400,12.0,8,8,8,25,1,-2,1667),
  (1,31,7,12,2386,6.0,4,4,3,11,0,1,1834),
  (1,31,47,13,2366,11.0,5,12,7,24,0,0,1724),
  (1,31,4,14,2364,12.0,9,6,9,24,0,0,1673),
  (1,31,27,15,2293,9.5,7,5,9,22,1,1,1734),
  (1,31,50,16,2248,9.5,7,5,7,20,1,1,1746),
  (1,31,55,17,2221,11.0,9,4,7,20,0,0,1601),
  (1,31,18,18,2203,13.0,13,0,11,24,0,0,1477),
  (1,31,59,19,2172,6.0,1,10,0,11,0,-1,1787),
  (1,31,44,20,2165,1.5,1,1,0,2,0,2,2201),
  (1,31,57,21,2156,10.0,9,2,10,21,0,-1,1813),
  (1,31,5,22,2088,9.0,9,0,3,12,0,0,1574),
  (1,31,15,23,2086,12.0,9,6,14,30,1,-1,1659),
  (1,31,37,24,2004,11.0,11,0,12,23,0,1,1498),
  (1,31,40,25,1921,9.0,7,4,6,17,0,1,1549),
  (1,31,17,26,1917,12.0,12,0,13,27,2,-1,1424),
  (1,31,12,27,1890,1.0,1,0,1,2,0,0,2031),
  (1,31,48,28,1868,3.0,2,2,4,8,0,0,1730),
  (1,31,49,29,1868,7.0,5,4,8,18,1,1,1526),
  (1,31,24,30,1865,6.5,6,1,4,12,1,-1,1585),
  (1,31,2,31,1839,2.5,2,1,1,4,0,-2,2107),
  (1,31,58,32,1803,1.5,1,1,0,2,0,0,2227),
  (1,31,21,33,1793,6.0,5,2,7,14,0,0,1593),
  (1,31,32,34,1768,6.5,6,1,3,10,0,-2,1442),
  (1,31,22,35,1742,7.0,6,2,4,12,0,2,1394),
  (1,31,34,36,1700,2.0,2,0,2,4,0,0,1937),
  (1,31,9,37,1644,6.0,6,0,8,14,0,2,1512),
  (1,31,28,38,1642,1.0,1,0,0,1,0,-1,2352),
  (1,31,16,39,1618,5.5,5,1,4,11,1,0,1337),
  (1,31,54,40,1523,2.0,2,0,3,5,0,1,1715),
  (1,31,42,41,1482,10.0,9,2,16,28,1,-1,1285),
  (1,31,39,42,1436,3.0,3,0,2,5,0,-1,1412),
  (1,31,13,43,1395,1.0,1,0,0,1,0,1,2252),
  (1,31,52,44,1388,1.0,1,0,0,1,0,-1,1891),
  (1,31,53,45,1386,2.0,2,0,2,5,1,0,1169),
  (1,31,26,46,1375,5.0,5,0,7,12,0,2,1305),
  (1,31,36,47,1366,2.0,2,0,2,5,1,0,987),
  (1,31,19,48,1345,5.5,5,1,9,15,0,3,1249),
  (1,31,29,49,1325,1.0,1,0,0,1,0,1,1389),
  (1,31,14,50,1319,1.0,1,0,0,1,0,-1,2139),
  (1,31,56,51,1315,1.0,1,0,0,1,0,1,1585),
  (1,31,10,52,1300,5.0,4,2,11,17,0,-1,1194),
  (1,31,23,53,1229,6.0,6,0,11,17,0,1,1131),
  (1,31,1,54,1172,6.0,5,2,12,19,0,-1,1153),
  (1,31,25,55,1077,2.0,2,0,7,10,1,-1,873),
  (1,31,46,56,1074,1.0,1,0,5,7,1,0,960),
  (1,32,31,1,3771,11.5,11,1,4,17,1,-2,2092),
  (1,32,35,2,3215,12.5,12,1,8,21,0,-1,1922),
  (1,32,41,3,3072,15.0,10,10,5,27,2,1,1867),
  (1,32,8,4,3031,6.0,5,2,1,8,0,0,2149),
  (1,32,11,5,2992,12.0,6,12,4,22,0,0,1845),
  (1,32,30,6,2989,12.0,8,8,4,20,0,0,1826),
  (1,32,43,7,2787,14.0,10,8,8,26,0,0,1839),
  (1,32,33,8,2766,10.0,4,12,1,17,0,1,1785),
  (1,32,6,9,2628,10.0,9,2,6,17,0,1,1787),
  (1,32,20,10,2621,14.5,12,5,10,27,0,-1,1705),
  (1,32,4,11,2511,13.0,10,6,9,25,0,-1,1688),
  (1,32,27,12,2465,10.5,8,5,9,23,1,0,1752),
  (1,32,7,13,2445,6.0,4,4,3,11,0,1,1835),
  (1,32,47,14,2428,11.0,5,12,7,24,0,0,1723),
  (1,32,45,15,2391,12.0,8,8,9,26,1,-1,1649),
  (1,32,55,16,2386,12.0,10,4,7,21,0,-1,1625),
  (1,32,50,17,2292,9.5,7,5,7,20,1,1,1745),
  (1,32,18,18,2218,13.0,13,0,12,25,0,-1,1462),
  (1,32,15,19,2215,13.0,10,6,14,31,1,-2,1672),
  (1,32,44,20,2215,1.5,1,1,0,2,0,2,2203),
  (1,32,57,21,2207,10.0,9,2,10,21,0,-1,1813),
  (1,32,5,22,2180,9.0,9,0,3,12,0,0,1574),
  (1,32,59,23,2172,6.0,1,10,1,12,0,0,1766),
  (1,32,37,24,2154,12.0,12,0,12,24,0,2,1514),
  (1,32,17,25,2041,13.0,13,0,13,28,2,0,1434),
  (1,32,24,26,2023,7.5,7,1,4,13,1,0,1619),
  (1,32,12,27,1932,1.0,1,0,1,2,0,0,2034),
  (1,32,40,28,1930,9.0,7,4,7,18,0,0,1527),
  (1,32,49,29,1914,7.0,5,4,8,18,1,1,1525),
  (1,32,48,30,1912,3.0,2,2,4,8,0,0,1729),
  (1,32,2,31,1880,2.5,2,1,1,4,0,-2,2107),
  (1,32,58,32,1845,1.5,1,1,0,2,0,0,2229),
  (1,32,32,33,1797,6.5,6,1,3,10,0,-2,1440),
  (1,32,22,34,1789,7.0,6,2,4,12,0,2,1394),
  (1,32,21,35,1784,6.0,5,2,8,15,0,1,1576),
  (1,32,34,36,1745,2.0,2,0,2,4,0,0,1937),
  (1,32,9,37,1692,6.0,6,0,8,14,0,2,1512),
  (1,32,28,38,1681,1.0,1,0,0,1,0,-1,2356),
  (1,32,16,39,1658,5.5,5,1,4,11,1,0,1336),
  (1,32,54,40,1562,2.0,2,0,3,5,0,1,1717),
  (1,32,14,41,1535,2.0,2,0,0,2,0,-2,2173),
  (1,32,42,42,1495,10.0,9,2,17,29,1,-2,1278),
  (1,32,39,43,1475,3.0,3,0,2,5,0,-1,1412),
  (1,32,13,44,1432,1.0,1,0,0,1,0,1,2252),
  (1,32,52,45,1423,1.0,1,0,0,1,0,-1,1897),
  (1,32,53,46,1423,2.0,2,0,2,5,1,0,1169),
  (1,32,26,47,1415,5.0,5,0,7,12,0,2,1304),
  (1,32,36,48,1403,2.0,2,0,2,5,1,0,987),
  (1,32,19,49,1389,5.5,5,1,9,15,0,3,1248),
  (1,32,29,50,1361,1.0,1,0,0,1,0,1,1389),
  (1,32,56,51,1354,1.0,1,0,0,1,0,1,1585),
  (1,32,10,52,1343,5.0,4,2,11,17,0,-1,1194),
  (1,32,23,53,1268,6.0,6,0,11,17,0,1,1131),
  (1,32,1,54,1213,6.0,5,2,12,19,0,-1,1153),
  (1,32,46,55,1112,1.0,1,0,5,7,1,0,961),
  (1,32,25,56,1110,2.0,2,0,7,10,1,-1,873),
  (1,33,31,1,3803,11.5,11,1,4,17,1,-2,2092),
  (1,33,35,2,3308,12.5,12,1,8,21,0,-1,1922),
  (1,33,41,3,3106,15.5,10,11,5,28,2,2,1863),
  (1,33,8,4,3097,6.0,5,2,1,8,0,0,2149),
  (1,33,11,5,3089,13.0,7,12,4,23,0,1,1857),
  (1,33,30,6,3007,12.5,8,9,4,21,0,-1,1820),
  (1,33,43,7,2847,14.0,10,8,8,26,0,0,1840),
  (1,33,33,8,2805,10.5,4,13,1,18,0,2,1783),
  (1,33,20,9,2735,15.5,13,5,10,28,0,0,1711),
  (1,33,6,10,2654,10.0,9,2,6,17,0,1,1787),
  (1,33,4,11,2555,13.0,10,6,9,25,0,-1,1690),
  (1,33,27,12,2543,11.0,8,6,9,24,1,-1,1756),
  (1,33,45,13,2478,13.0,9,8,9,27,1,0,1661),
  (1,33,7,14,2466,6.0,4,4,3,11,0,1,1834),
  (1,33,55,15,2461,12.5,10,5,7,22,0,-2,1630),
  (1,33,47,16,2452,11.0,5,12,7,24,0,0,1724),
  (1,33,5,17,2299,10.0,10,0,3,13,0,-1,1590),
  (1,33,37,18,2285,13.0,13,0,12,25,0,1,1528),
  (1,33,44,19,2282,1.5,1,1,0,2,0,2,2203),
  (1,33,15,20,2273,13.5,10,7,14,32,1,-1,1670),
  (1,33,50,21,2263,9.5,7,5,8,21,1,0,1730),
  (1,33,57,22,2238,10.0,9,2,10,21,0,-1,1813),
  (1,33,18,23,2198,13.0,13,0,13,26,0,-2,1455),
  (1,33,59,24,2173,6.0,1,10,1,12,0,0,1767),
  (1,33,24,25,2083,7.5,7,1,4,13,1,0,1619),
  (1,33,17,26,2034,13.0,13,0,14,29,2,1,1422),
  (1,33,48,27,1979,3.0,2,2,4,8,0,0,1730),
  (1,33,12,28,1955,1.0,1,0,1,2,0,0,2034),
  (1,33,49,29,1939,7.0,5,4,8,18,1,1,1525),
  (1,33,40,30,1905,9.0,7,4,8,19,0,-1,1513),
  (1,33,2,31,1901,2.5,2,1,1,4,0,-2,2107),
  (1,33,58,32,1870,1.5,1,1,0,2,0,0,2229),
  (1,33,22,33,1816,7.0,6,2,4,12,0,2,1392),
  (1,33,21,34,1804,6.0,5,2,8,15,0,1,1576),
  (1,33,32,35,1777,6.5,6,1,4,11,0,-1,1403),
  (1,33,34,36,1767,2.0,2,0,2,4,0,0,1938),
  (1,33,9,37,1724,6.0,6,0,8,14,0,2,1512),
  (1,33,28,38,1708,1.0,1,0,0,1,0,-1,2356),
  (1,33,16,39,1687,5.5,5,1,4,11,1,0,1335),
  (1,33,14,40,1678,2.0,2,0,0,2,0,-2,2174),
  (1,33,54,41,1589,2.0,2,0,3,5,0,1,1716),
  (1,33,26,42,1516,6.0,6,0,7,13,0,3,1324),
  (1,33,39,43,1506,3.0,3,0,2,5,0,-1,1413),
  (1,33,42,44,1482,10.0,9,2,18,30,1,-3,1266),
  (1,33,13,45,1461,1.0,1,0,0,1,0,1,2252),
  (1,33,10,46,1457,6.0,5,2,11,18,0,0,1220),
  (1,33,52,47,1455,1.0,1,0,0,1,0,-1,1903),
  (1,33,53,48,1453,2.0,2,0,2,5,1,0,1168),
  (1,33,36,49,1434,2.0,2,0,2,5,1,0,987),
  (1,33,19,50,1420,5.5,5,1,9,15,0,3,1248),
  (1,33,29,51,1391,1.0,1,0,0,1,0,1,1389),
  (1,33,56,52,1386,1.0,1,0,0,1,0,1,1585),
  (1,33,23,53,1266,6.0,6,0,12,18,0,0,1124),
  (1,33,1,54,1245,6.0,5,2,12,19,0,-1,1152),
  (1,33,46,55,1147,1.0,1,0,5,7,1,0,960),
  (1,33,25,56,1144,2.0,2,0,7,10,1,-1,872),
  (1,34,31,1,3879,11.5,11,1,4,17,1,-2,2091),
  (1,34,35,2,3326,12.5,12,1,9,22,0,-2,1896),
  (1,34,41,3,3281,16.5,11,11,5,29,2,1,1875),
  (1,34,30,4,3194,13.5,9,9,4,22,0,0,1843),
  (1,34,11,5,3187,13.5,7,13,4,24,0,0,1850),
  (1,34,8,6,3172,6.0,5,2,1,8,0,0,2147),
  (1,34,43,7,2865,14.0,10,8,9,27,0,1,1826),
  (1,34,33,8,2816,10.5,4,13,2,19,0,1,1762),
  (1,34,20,9,2804,15.5,13,5,10,28,0,0,1712),
  (1,34,6,10,2712,10.0,9,2,6,17,0,1,1786),
  (1,34,45,11,2634,14.0,10,8,9,28,1,-1,1674),
  (1,34,27,12,2608,11.0,8,6,9,24,1,-1,1756),
  (1,34,4,13,2575,13.0,10,6,10,26,0,-2,1678),
  (1,34,47,14,2543,11.5,5,13,7,25,0,1,1728),
  (1,34,7,15,2513,6.0,4,4,3,11,0,1,1835),
  (1,34,55,16,2476,12.5,10,5,8,23,0,-1,1615),
  (1,34,15,17,2444,14.5,11,7,14,33,1,0,1683),
  (1,34,37,18,2421,14.0,14,0,12,26,0,0,1538),
  (1,34,50,19,2404,10.5,8,5,8,22,1,1,1745),
  (1,34,44,20,2350,1.5,1,1,0,2,0,2,2199),
  (1,34,18,21,2339,14.0,14,0,13,27,0,-1,1469),
  (1,34,5,22,2315,10.0,10,0,4,14,0,-2,1555),
  (1,34,57,23,2286,10.0,9,2,10,21,0,-1,1812),
  (1,34,24,24,2226,8.5,8,1,4,14,1,1,1639),
  (1,34,59,25,2213,6.0,1,10,1,12,0,0,1768),
  (1,34,17,26,2026,13.0,13,0,15,30,2,0,1412),
  (1,34,48,27,1995,3.0,2,2,5,9,0,-1,1706),
  (1,34,12,28,1994,1.0,1,0,1,2,0,0,2033),
  (1,34,49,29,1981,7.0,5,4,8,18,1,1,1527),
  (1,34,40,30,1977,9.0,7,4,8,20,1,-1,1514),
  (1,34,2,31,1939,2.5,2,1,1,4,0,-2,2107),
  (1,34,58,32,1909,1.5,1,1,0,2,0,0,2229),
  (1,34,14,33,1861,3.0,3,0,0,3,0,-1,2213),
  (1,34,22,34,1853,7.0,6,2,4,12,0,2,1392),
  (1,34,21,35,1846,6.0,5,2,8,15,0,1,1579),
  (1,34,34,36,1807,2.0,2,0,2,4,0,0,1937),
  (1,34,32,37,1764,6.5,6,1,5,12,0,0,1379),
  (1,34,9,38,1764,6.0,6,0,8,14,0,2,1512),
  (1,34,28,39,1747,1.0,1,0,0,1,0,-1,2356),
  (1,34,16,40,1686,5.5,5,1,5,12,1,1,1306),
  (1,34,26,41,1659,7.0,7,0,7,14,0,2,1345),
  (1,34,54,42,1625,2.0,2,0,3,5,0,1,1716),
  (1,34,39,43,1546,3.0,3,0,2,5,0,-1,1414),
  (1,34,10,44,1512,6.0,5,2,11,18,0,0,1219),
  (1,34,42,45,1512,10.0,9,2,18,30,1,-3,1265),
  (1,34,13,46,1496,1.0,1,0,0,1,0,1,2252),
  (1,34,52,47,1496,1.0,1,0,0,1,0,-1,1908),
  (1,34,53,48,1489,2.0,2,0,2,5,1,0,1167),
  (1,34,36,49,1471,2.0,2,0,2,5,1,0,987),
  (1,34,19,50,1457,5.5,5,1,9,15,0,3,1248),
  (1,34,29,51,1427,1.0,1,0,0,1,0,1,1389),
  (1,34,56,52,1423,1.0,1,0,0,1,0,1,1585),
  (1,34,23,53,1297,6.0,6,0,12,18,0,0,1124),
  (1,34,1,54,1277,6.0,5,2,12,19,0,-1,1151),
  (1,34,46,55,1181,1.0,1,0,5,7,1,0,959),
  (1,34,25,56,1178,2.0,2,0,7,10,1,-1,872),
  (1,35,31,1,4047,12.5,12,1,4,18,1,-1,2094),
  (1,35,35,2,3453,13.5,13,1,9,23,0,-1,1914),
  (1,35,41,3,3389,17.0,11,12,5,30,2,2,1869),
  (1,35,30,4,3310,14.0,9,10,4,23,0,1,1843),
  (1,35,11,5,3266,13.5,7,13,4,24,0,0,1851),
  (1,35,8,6,3233,6.0,5,2,1,8,0,0,2149),
  (1,35,43,7,2965,14.5,10,9,9,28,0,0,1823),
  (1,35,33,8,2908,11.0,4,14,2,20,0,0,1767),
  (1,35,20,9,2898,16.0,13,6,10,29,0,1,1713),
  (1,35,45,10,2801,15.0,11,8,9,29,1,-2,1680),
  (1,35,4,11,2714,14.0,11,6,10,27,0,-1,1685),
  (1,35,6,12,2712,10.0,9,2,7,18,0,0,1775),
  (1,35,27,13,2665,11.0,8,6,9,24,1,-1,1756),
  (1,35,47,14,2637,12.0,5,14,7,26,0,2,1728),
  (1,35,7,15,2573,6.0,4,4,3,11,0,1,1836),
  (1,35,55,16,2530,12.5,10,5,8,23,0,-1,1616),
  (1,35,15,17,2526,15.0,11,8,14,34,1,-1,1684),
  (1,35,50,18,2516,11.0,8,6,8,23,1,0,1742),
  (1,35,18,19,2496,15.0,15,0,13,28,0,0,1483),
  (1,35,37,20,2440,14.0,14,0,13,27,0,-1,1523),
  (1,35,44,21,2405,1.5,1,1,0,2,0,2,2201),
  (1,35,57,22,2351,10.0,9,2,10,21,0,-1,1812),
  (1,35,5,23,2307,10.0,10,0,5,15,0,-1,1535),
  (1,35,59,24,2264,6.0,1,10,1,12,0,0,1769),
  (1,35,24,25,2260,8.5,8,1,5,15,1,0,1592),
  (1,35,40,26,2039,9.0,7,4,8,20,1,-1,1515),
  (1,35,12,27,2034,1.0,1,0,1,2,0,0,2035),
  (1,35,49,28,2030,7.0,5,4,8,18,1,1,1527),
  (1,35,48,29,2028,3.0,2,2,5,9,0,-1,1706),
  (1,35,17,30,2016,13.0,13,0,16,31,2,-1,1406),
  (1,35,2,31,1979,2.5,2,1,1,4,0,-2,2107),
  (1,35,58,32,1950,1.5,1,1,0,2,0,0,2230),
  (1,35,14,33,1919,3.0,3,0,1,4,0,-2,2045),
  (1,35,21,34,1894,6.0,5,2,8,15,0,1,1578),
  (1,35,22,35,1892,7.0,6,2,4,12,0,2,1392),
  (1,35,32,36,1890,7.5,7,1,5,13,0,1,1425),
  (1,35,34,37,1847,2.0,2,0,2,4,0,0,1938),
  (1,35,9,38,1803,6.0,6,0,8,14,0,2,1512),
  (1,35,26,39,1800,8.0,8,0,7,15,0,1,1370),
  (1,35,28,40,1785,1.0,1,0,0,1,0,-1,2359),
  (1,35,16,41,1712,5.5,5,1,5,12,1,1,1307),
  (1,35,54,42,1664,2.0,2,0,3,5,0,1,1717),
  (1,35,42,43,1620,11.0,10,2,18,31,1,-2,1275),
  (1,35,39,44,1584,3.0,3,0,2,5,0,-1,1413),
  (1,35,52,45,1537,1.0,1,0,0,1,0,-1,1902),
  (1,35,13,46,1533,1.0,1,0,0,1,0,1,2252),
  (1,35,53,47,1526,2.0,2,0,2,5,1,0,1168),
  (1,35,10,48,1512,6.0,5,2,12,19,0,1,1210),
  (1,35,36,49,1507,2.0,2,0,2,5,1,0,987),
  (1,35,19,50,1501,5.5,5,1,9,15,0,3,1247),
  (1,35,29,51,1463,1.0,1,0,0,1,0,1,1389),
  (1,35,56,52,1459,1.0,1,0,0,1,0,1,1585),
  (1,35,1,53,1311,6.0,5,2,12,19,0,-1,1152),
  (1,35,23,54,1296,6.0,6,0,13,19,0,-1,1112),
  (1,35,46,55,1215,1.0,1,0,5,7,1,0,958),
  (1,35,25,56,1211,2.0,2,0,7,10,1,-1,872),
  (1,36,31,1,4095,12.5,12,1,4,18,1,-1,2094),
  (1,36,35,2,3596,14.5,14,1,9,24,0,0,1921),
  (1,36,41,3,3455,17.5,11,13,5,31,2,1,1862),
  (1,36,30,4,3357,14.0,9,10,4,23,0,1,1843),
  (1,36,11,5,3304,13.5,7,13,4,24,0,0,1851),
  (1,36,8,6,3252,6.0,5,2,1,8,0,0,2149),
  (1,36,43,7,3030,15.0,10,10,9,29,0,-1,1817),
  (1,36,20,8,2975,16.5,13,7,10,30,0,2,1717),
  (1,36,33,9,2898,11.0,4,14,3,21,0,-1,1756),
  (1,36,45,10,2876,15.5,11,9,9,30,1,-1,1682),
  (1,36,4,11,2786,14.5,11,7,10,28,0,0,1689),
  (1,36,6,12,2753,10.5,9,3,7,19,0,-1,1769),
  (1,36,27,13,2699,11.0,8,6,9,24,1,-1,1755),
  (1,36,15,14,2659,16.0,12,8,14,35,1,0,1689),
  (1,36,47,15,2622,12.0,5,14,8,27,0,1,1721),
  (1,36,7,16,2604,6.0,4,4,3,11,0,1,1835),
  (1,36,55,17,2561,12.5,10,5,8,23,0,-1,1616),
  (1,36,50,18,2515,11.0,8,6,9,24,1,-1,1732),
  (1,36,18,19,2493,15.0,15,0,14,29,0,-1,1478),
  (1,36,44,20,2432,1.5,1,1,0,2,0,2,2202),
  (1,36,37,21,2428,14.0,14,0,14,28,0,-2,1510),
  (1,36,24,22,2385,9.5,9,1,5,16,1,1,1612),
  (1,36,57,23,2384,10.0,9,2,10,21,0,-1,1812),
  (1,36,5,24,2327,10.0,10,0,5,15,0,-1,1535),
  (1,36,59,25,2295,6.0,1,10,1,12,0,0,1769),
  (1,36,48,26,2154,4.0,3,2,5,10,0,0,1748),
  (1,36,17,27,2122,14.0,14,0,16,32,2,0,1414),
  (1,36,40,28,2110,9.5,7,5,8,21,1,-2,1520),
  (1,36,49,29,2088,7.5,5,5,8,19,1,2,1529),
  (1,36,14,30,2061,4.0,4,0,1,5,0,-1,2057),
  (1,36,12,31,2060,1.0,1,0,1,2,0,0,2035),
  (1,36,2,32,2004,2.5,2,1,1,4,0,-2,2107),
  (1,36,58,33,1977,1.5,1,1,0,2,0,0,2230),
  (1,36,32,34,1950,7.5,7,1,5,13,0,1,1425),
  (1,36,22,35,1922,7.0,6,2,4,12,0,2,1391),
  (1,36,21,36,1918,6.0,5,2,8,15,0,1,1578),
  (1,36,34,37,1875,2.0,2,0,2,4,0,0,1938),
  (1,36,26,38,1854,8.0,8,0,7,15,0,1,1369),
  (1,36,9,39,1834,6.0,6,0,8,14,0,2,1512),
  (1,36,28,40,1814,1.0,1,0,0,1,0,-1,2359),
  (1,36,16,41,1699,5.5,5,1,6,13,1,0,1288),
  (1,36,54,42,1694,2.0,2,0,3,5,0,1,1716),
  (1,36,42,43,1664,11.0,10,2,18,31,1,-2,1274),
  (1,36,39,44,1613,3.0,3,0,2,5,0,-1,1411),
  (1,36,52,45,1568,1.0,1,0,0,1,0,-1,1897),
  (1,36,13,46,1563,1.0,1,0,0,1,0,1,2252),
  (1,36,53,47,1557,2.0,2,0,2,5,1,0,1168),
  (1,36,36,48,1539,2.0,2,0,2,5,1,0,987),
  (1,36,19,49,1536,5.5,5,1,9,15,0,3,1247),
  (1,36,10,50,1531,6.0,5,2,12,19,0,1,1210),
  (1,36,29,51,1495,1.0,1,0,0,1,0,1,1389),
  (1,36,56,52,1491,1.0,1,0,0,1,0,1,1585),
  (1,36,1,53,1346,6.0,5,2,12,19,0,-1,1151),
  (1,36,23,54,1319,6.0,6,0,13,19,0,-1,1112),
  (1,36,46,55,1248,1.0,1,0,5,7,1,0,958),
  (1,36,25,56,1245,2.0,2,0,7,10,1,-1,872),
  (1,37,31,1,4166,13.0,12,2,4,19,1,-2,2085),
  (1,37,35,2,3782,15.5,15,1,9,25,0,-1,1928),
  (1,37,41,3,3618,18.5,12,13,5,32,2,2,1871),
  (1,37,30,4,3517,15.0,10,10,4,24,0,0,1854),
  (1,37,11,5,3477,14.5,8,13,4,25,0,1,1859),
  (1,37,8,6,3299,6.0,5,2,1,8,0,0,2149),
  (1,37,43,7,3102,15.0,10,10,9,29,0,-1,1817),
  (1,37,20,8,2983,16.5,13,7,11,31,0,1,1708),
  (1,37,33,9,2962,11.5,4,15,3,22,0,0,1755),
  (1,37,45,10,2878,15.5,11,9,10,31,1,0,1671),
  (1,37,27,11,2858,12.0,9,6,9,25,1,-2,1768),
  (1,37,4,12,2792,14.5,11,7,11,29,0,1,1683),
  (1,37,6,13,2765,10.5,9,3,8,20,0,0,1748),
  (1,37,15,14,2670,16.0,12,8,15,36,1,-1,1682),
  (1,37,47,15,2668,12.0,5,14,8,27,0,1,1721),
  (1,37,7,16,2655,6.0,4,4,3,11,0,1,1836),
  (1,37,18,17,2616,16.0,16,0,14,30,0,-2,1491),
  (1,37,55,18,2616,12.5,10,5,8,23,0,-1,1615),
  (1,37,50,19,2592,11.5,8,7,9,25,1,-2,1730),
  (1,37,37,20,2554,15.0,15,0,14,29,0,-1,1527),
  (1,37,44,21,2476,1.5,1,1,0,2,0,2,2203),
  (1,37,24,22,2457,9.5,9,1,5,16,1,1,1613),
  (1,37,57,23,2435,10.0,9,2,10,21,0,-1,1813),
  (1,37,5,24,2416,10.0,10,0,5,16,1,-1,1536),
  (1,37,59,25,2338,6.0,1,10,1,12,0,0,1770),
  (1,37,48,26,2234,4.0,3,2,5,10,0,0,1748),
  (1,37,14,27,2206,4.5,4,1,1,6,0,0,2045),
  (1,37,40,28,2164,9.5,7,5,8,21,1,-2,1519),
  (1,37,17,29,2125,14.0,14,0,17,33,2,1,1404),
  (1,37,12,30,2098,1.0,1,0,1,2,0,0,2035),
  (1,37,49,31,2093,7.5,5,5,9,20,1,1,1507),
  (1,37,2,32,2040,2.5,2,1,1,4,0,-2,2107),
  (1,37,58,33,2014,1.5,1,1,0,2,0,0,2230),
  (1,37,32,34,2003,7.5,7,1,5,13,0,1,1425),
  (1,37,22,35,1961,7.0,6,2,4,12,0,2,1392),
  (1,37,21,36,1959,6.0,5,2,8,15,0,1,1577),
  (1,37,34,37,1912,2.0,2,0,2,4,0,0,1939),
  (1,37,26,38,1897,8.0,8,0,7,15,0,1,1370),
  (1,37,9,39,1874,6.0,6,0,8,14,0,2,1511),
  (1,37,28,40,1851,1.0,1,0,0,1,0,-1,2358),
  (1,37,16,41,1784,6.5,6,1,6,14,1,1,1308),
  (1,37,54,42,1729,2.0,2,0,3,5,0,1,1717),
  (1,37,42,43,1700,11.0,10,2,18,31,1,-2,1275),
  (1,37,39,44,1648,3.0,3,0,2,5,0,-1,1413),
  (1,37,52,45,1602,1.0,1,0,0,1,0,-1,1904),
  (1,37,13,46,1598,1.0,1,0,0,1,0,1,2252),
  (1,37,53,47,1593,2.0,2,0,2,5,1,0,1167),
  (1,37,36,48,1575,2.0,2,0,2,5,1,0,987),
  (1,37,19,49,1571,5.5,5,1,9,15,0,3,1248),
  (1,37,10,50,1566,6.0,5,2,12,19,0,1,1210),
  (1,37,29,51,1530,1.0,1,0,0,1,0,1,1389),
  (1,37,56,52,1526,1.0,1,0,0,1,0,1,1579),
  (1,37,1,53,1382,6.0,5,2,12,19,0,-1,1151),
  (1,37,23,54,1351,6.0,6,0,13,19,0,-1,1112),
  (1,37,25,55,1278,2.0,2,0,7,10,1,-1,871),
  (1,37,46,56,1248,1.0,1,0,6,8,1,-1,942);

COMMIT;
